"Vitamin A, IU (IU)","Iron, Fe (mg)",Total lipid (fat) (g),"Vitamin C, total ascorbic acid (mg)","Fiber, total dietary (g)","Fatty acids, total saturated (g)","Calcium, Ca (mg)","Vitamin D (D2 + D3), International Units (IU)",Protein (g),Cholesterol (mg),"Sodium, Na (mg)",Energy (kcal),"Fatty acids, total trans (g)",Total Sugars (g),"Carbohydrate, by difference (g)",fdc_id,"Fatty acids, total polyunsaturated (g)","Fatty acids, total monounsaturated (g)","Potassium, K (mg)","Fiber, insoluble (g)","Fiber, soluble (g)",Thiamin (mg),Vitamin B-12 (µg),"Selenium, Se (µg)",Vitamin B-6 (mg),"Folate, total (µg)",Riboflavin (mg),Niacin (mg),"Copper, Cu (mg)","Zinc, Zn (mg)","Magnesium, Mg (mg)","Phosphorus, P (mg)","Manganese, Mn (mg)",Vitamin A (µg)
265.0,0.0,0.0,0.0,0.0,0.0,88.0,71.0,11.5,4.0,363.0,62.0,0.0,3.54,4.42,356707,,,,,,,,,,,,,,,,,,
,,0.0,,,0.0,,,0.0,,0.0,375.0,,100.0,100.0,357010,,,,,,,,,,,,,,,,,,
,,0.0,,,0.0,,,0.0,0.0,0.0,0.0,0.0,,0.0,357021,,,,,,,,,,,,,,,,,,
0.0,1.2,15.0,4.0,6.7,0.0,67.0,,6.67,0.0,533.0,233.0,0.0,0.0,16.67,357023,,,,,,,,,,,,,,,,,,
0.0,6.43,3.57,0.0,10.7,0.0,143.0,,17.86,0.0,464.0,214.0,0.0,0.0,25.0,357024,,,,,,,,,,,,,,,,,,
357.0,2.57,0.89,2.1,3.6,0.0,36.0,,12.5,0.0,27.0,357.0,0.0,1.79,73.21,357115,,,,,,,,,,,,,,,,,,
0.0,2.25,50.0,0.0,9.4,6.25,62.0,,25.0,0.0,16.0,594.0,0.0,3.12,21.88,357456,12.5,21.88,,,,,,,,,,,,,,,,
0.0,2.4,3.33,0.0,3.3,0.0,67.0,,10.0,0.0,567.0,400.0,0.0,3.33,83.33,357793,,,,,,,,,,,,,,,,,,
0.0,1.2,5.33,3.2,4.0,0.67,67.0,,4.67,0.0,407.0,140.0,0.0,0.0,18.0,358189,,,,,,,,,,,,,,,,,,
0.0,3.21,2.68,0.0,8.9,0.0,36.0,,12.5,0.0,0.0,375.0,0.0,3.57,73.21,359333,,,,,,,,,,,,,,,,,,
0.0,3.18,1.18,0.0,3.5,0.0,47.0,,10.59,0.0,318.0,259.0,0.0,7.06,52.94,359334,,,,,,,,,,,,,,,,,,
59.0,0.0,1.76,0.0,0.6,0.88,176.0,35.0,4.71,9.0,71.0,94.0,0.0,15.88,15.88,359350,,,224.0,,,,,,,,,,,,,,,
0.0,0.0,0.0,7.1,0.0,0.0,0.0,,0.0,0.0,882.0,88.0,0.0,11.76,17.65,359429,,,,,,,,,,,,,,,,,,
0.0,1.29,32.14,21.4,3.6,3.57,0.0,,7.14,0.0,375.0,536.0,0.0,0.0,57.14,359586,3.57,25.0,1536.0,,,,,,,,,,,,,,,
357.0,3.86,28.57,0.0,14.3,3.57,143.0,,21.43,0.0,179.0,464.0,0.0,0.0,46.43,359884,12.5,12.5,,11.0,4.0,,,,,,,,,,,,,
595.0,1.71,7.14,0.0,3.6,0.6,24.0,,5.95,0.0,417.0,202.0,0.0,2.38,26.19,359939,,,,,,,,,,,,,,,,,,
0.0,2.25,50.0,0.0,9.4,6.25,62.0,,25.0,0.0,16.0,594.0,0.0,3.12,21.88,360092,12.5,21.88,,,,,,,,,,,,,,,,
0.0,0.0,0.0,0.0,5.3,0.0,35.0,,3.51,0.0,316.0,211.0,0.0,0.0,49.12,360980,,,,,,,,,,,,,,,,,,
714.0,0.0,17.86,0.0,0.0,12.5,357.0,,17.86,71.0,929.0,250.0,0.0,0.0,3.57,362301,,,,,,,,,,,,,,,,,,
0.0,1.26,3.51,10.5,8.8,0.0,35.0,,10.53,0.0,509.0,281.0,0.0,7.02,52.63,363147,,,,,,,,,,,,,,,,,,
1071.0,0.0,35.71,0.0,0.0,21.43,714.0,,25.0,107.0,679.0,429.0,0.0,0.0,3.57,363148,,,,,,,,,,,,,,,,,,
0.0,3.0,5.0,0.0,1.7,0.83,333.0,,8.33,8.0,867.0,350.0,0.0,6.67,70.0,369873,,,,,,,,,,,,,,,,,,
82.0,1.48,0.41,0.0,4.9,0.0,33.0,,4.92,0.0,303.0,82.0,0.0,0.82,15.57,372227,,,,,,,,,,,,,,,,,,
0.0,4.29,5.95,0.0,7.1,0.0,48.0,,14.29,0.0,0.0,381.0,0.0,7.14,71.43,372255,,,,,,,,,,,,,,,,,,
0.0,1.38,0.0,0.0,3.1,0.0,62.0,,5.38,0.0,108.0,77.0,0.0,0.0,14.62,372551,,,,,,,,,,,,,,,,,,
,,0.0,,,,67.0,,8.0,3.0,27.0,80.0,,10.0,11.33,373592,,,100.0,,,,,,,,,,,,,,,
59.0,0.42,1.47,3.5,0.0,0.88,147.0,,3.53,9.0,47.0,88.0,0.0,11.76,14.71,373594,,,153.0,,,,,,,,,,,,,,,
220.0,0.16,7.05,0.0,0.0,3.52,110.0,,4.85,20.0,59.0,132.0,0.0,10.13,12.33,373595,,,119.0,,,,,,,,,,,,,,,
88.0,0.0,3.96,0.0,0.0,2.64,110.0,,3.52,18.0,53.0,70.0,0.0,4.85,4.85,373596,,,154.0,,,,,,,,,,,,,,,
59.0,0.21,1.47,0.0,0.0,0.88,147.0,,3.53,9.0,47.0,88.0,0.0,13.53,15.29,373597,,,141.0,,,,,,,,,,,,,,,
59.0,0.21,1.47,0.0,0.0,0.88,147.0,,3.53,9.0,50.0,82.0,0.0,11.76,14.12,373598,,,147.0,,,,,,,,,,,,,,,
1786.0,1.29,21.43,0.0,3.6,12.5,71.0,,3.57,36.0,214.0,429.0,0.0,25.0,57.14,373600,,,,,,,,,,,,,,,,,,
0.0,4.29,50.0,0.0,9.5,4.76,95.0,,16.67,0.0,95.0,571.0,0.0,14.29,26.19,373602,14.29,26.19,,,,,,,,,,,,,,,,
0.0,3.38,53.12,0.0,9.4,4.69,250.0,,21.88,0.0,0.0,594.0,0.0,6.25,21.88,373603,12.5,31.25,,,,,,,,,,,,,,,,
0.0,2.4,13.33,0.0,3.3,0.0,0.0,,6.67,0.0,250.0,400.0,0.0,20.0,60.0,373604,,,,,,,,,,,,,,,,,,
0.0,3.86,1.79,0.0,0.0,0.0,0.0,,39.29,36.0,1000.0,214.0,0.0,17.86,21.43,373606,,,,,,,,,,,,,,,,,,
333.0,2.4,33.33,0.0,6.7,5.0,133.0,,13.33,0.0,50.0,500.0,0.0,23.33,43.33,373607,6.67,20.0,,,,,,,,,,,,,,,,
0.0,0.96,6.67,0.0,2.7,0.67,0.0,,5.33,20.0,520.0,200.0,0.0,5.33,29.33,373609,,,,,,,,,,,,,,,,,,
0.0,0.97,6.76,0.0,2.7,0.0,54.0,,5.41,0.0,270.0,378.0,0.0,40.54,72.97,373610,,,,,,0.0,1.62,95.0,0.541,108.0,0.459,5.405,,,,,,
0.0,0.0,16.67,0.0,3.3,10.0,133.0,,0.0,67.0,367.0,233.0,0.0,13.33,20.0,373611,,,,,,,,,,,,,,,,,,
0.0,31.15,1.92,0.0,9.6,0.0,0.0,,9.62,0.0,0.0,385.0,0.0,21.15,80.77,373612,,,346.0,,,1.0,2.88,,0.962,192.0,0.817,9.615,0.308,2.88,77.0,288.0,,
400.0,3.6,0.0,4.8,10.0,0.0,0.0,,8.0,0.0,110.0,320.0,0.0,16.0,78.0,373616,,,,8.0,2.0,,,,,,,,,,,,,
0.0,1.38,0.0,0.0,7.7,0.0,77.0,,6.15,0.0,200.0,92.0,0.0,0.77,16.15,379430,,,,,,,,,,,,,,,,,,
0.0,2.57,35.71,0.0,14.3,35.71,0.0,,3.57,0.0,464.0,571.0,0.0,32.14,53.57,379433,,,,,,,,,,,,,,,,,,
0.0,6.43,30.95,0.0,7.1,19.05,48.0,,7.14,0.0,0.0,524.0,0.0,40.48,52.38,379434,,,,,,,,,,,,,,,,,,
0.0,3.86,3.57,0.0,3.6,0.0,0.0,,10.71,0.0,643.0,393.0,0.0,3.57,82.14,379435,,,,,,,,,,,,,,,,,,
0.0,4.29,5.95,0.0,7.1,0.0,48.0,,14.29,0.0,0.0,381.0,0.0,7.14,71.43,379867,,,,,,,,,,,,,,,,,,
0.0,2.4,0.0,0.0,6.7,0.0,0.0,,6.67,0.0,667.0,367.0,0.0,3.33,86.67,379911,,,,,,,,,,,,,,,,,,
0.0,3.6,53.33,0.0,10.0,3.33,267.0,,20.0,0.0,0.0,600.0,0.0,3.33,20.0,384829,11.67,33.33,,,,,,,,,,,,,,,,
202.0,1.09,1.82,1.0,2.8,0.61,0.0,,7.69,14.0,324.0,97.0,0.0,2.43,12.15,385850,,,,,,,,,,,,,,,,,,
0.0,1.36,9.43,0.0,15.1,0.0,75.0,,18.87,0.0,236.0,358.0,0.0,22.64,62.26,386064,2.83,5.66,,6.0,9.0,,,,,,,,0.075,0.57,75.0,189.0,1.0,
0.0,3.38,53.12,0.0,9.4,4.69,250.0,,21.88,0.0,0.0,594.0,0.0,6.25,21.88,386118,12.5,31.25,,,,,,,,,,,,,,,,
0.0,1.11,0.0,0.0,4.6,0.0,31.0,,5.38,0.0,108.0,85.0,0.0,1.54,15.38,386119,,,,,,,,,,,,,,,,,,
385.0,0.55,0.0,1.8,0.8,0.0,15.0,,0.77,0.0,131.0,23.0,0.0,3.08,4.62,386120,,,,,,,,,,,,,,,,,,
0.0,0.0,18.75,0.0,6.2,0.0,0.0,,6.25,0.0,1000.0,281.0,0.0,12.5,18.75,386121,,,,,,,,,,,,,,,,,,
77.0,0.83,0.77,0.9,4.6,0.0,0.0,,4.62,0.0,108.0,85.0,0.0,0.77,14.62,386125,,,,,,,,,,,,,,,,,,
556.0,0.0,19.44,0.0,0.0,11.11,111.0,,5.56,56.0,250.0,389.0,0.0,38.89,50.0,387274,,,,,,,,,,,,,,,,,,
3571.0,1.29,8.93,12.9,3.6,0.0,71.0,,3.57,18.0,536.0,107.0,0.0,3.57,7.14,389638,,,,,,,,,,,,,,,,,,
0.0,0.0,0.0,7.1,5.9,0.0,0.0,,0.0,0.0,735.0,88.0,0.0,17.65,17.65,392823,,,,,,,,,,,,,,,,,,
0.0,1.03,0.0,3.4,1.4,0.0,0.0,,0.0,0.0,1171.0,171.0,0.0,37.14,40.0,392827,,,,,,,,,,,,,,,,,,
,,70.0,,,10.0,,,0.0,,0.0,667.0,0.0,,6.67,392828,6.67,50.0,,,,,,,,,,,,,,,,
0.0,0.0,20.0,0.0,0.0,0.0,0.0,,0.0,0.0,1100.0,200.0,0.0,0.0,0.0,392838,,,,,,,,,,,,,,,,,,
,,0.0,,,,,,0.0,,10000.0,0.0,,0.0,0.0,392840,,,,,,,,,,,,,,,,,,
,,0.0,,,,,,0.0,,1000.0,0.0,,0.0,0.0,392844,,,,,,,,,,,,,,,,,,
0.0,1.44,34.0,0.0,2.0,22.0,160.0,,6.0,20.0,70.0,560.0,0.0,54.0,60.0,392864,,,,,,,,,,,,,,,,,,
,,0.0,,,,,,0.0,,1467.0,33.0,,,6.67,392866,,,,,,,,,,,,,,,,,,
,,0.0,7.1,2.9,,,,0.0,,559.0,147.0,,35.29,35.29,392870,,,,,,,,,,,,,,,,,,
588.0,1.06,0.0,14.1,0.0,0.0,0.0,,0.0,0.0,618.0,132.0,0.0,29.41,32.35,392874,,,,,,,,,,,,,,,,,,
,,10.0,,,,,,0.0,,2300.0,100.0,,0.0,0.0,392875,,,,,,,,,,,,,,,,,,
0.0,1.0,0.0,3.3,0.0,0.0,56.0,,0.0,0.0,1167.0,167.0,0.0,36.11,38.89,392876,,,,,,,,,,,,,,,,,,
0.0,3.6,36.0,0.0,8.0,24.0,0.0,,6.0,0.0,0.0,580.0,0.0,42.0,58.0,392883,,,,,,,,,,,,,,,,,,
0.0,0.0,0.0,0.0,0.0,0.0,0.0,,0.0,0.0,0.0,333.0,0.0,80.95,80.95,392887,,,,,,,,,,,,,,,,,,
294.0,0.0,0.0,7.1,2.9,0.0,0.0,,2.94,0.0,250.0,132.0,0.0,17.65,29.41,397391,,,,,,,,,,,,,,,,,,
2500.0,0.0,0.0,375.0,0.0,0.0,0.0,,0.0,0.0,2000.0,125.0,0.0,25.0,25.0,397400,,,,,,,,,,,,,,,,,,
0.0,1.29,12.5,0.0,3.6,0.0,0.0,,7.14,0.0,679.0,214.0,0.0,3.57,17.86,397401,,,,,,,,,,,,,,,,,,
0.0,7.2,0.0,0.0,28.0,0.0,0.0,,24.0,0.0,40.0,340.0,0.0,4.0,60.0,397403,,,,22.0,6.0,,,,,,,,,,,,,
0.0,5.14,16.07,0.0,17.9,0.0,214.0,0.0,17.86,0.0,375.0,464.0,0.0,3.57,57.14,397408,,,1036.0,,,0.0,0.0,,0.286,,0.121,1.429,0.714,2.14,143.0,286.0,,
0.0,2.4,13.33,0.0,6.7,6.67,0.0,,6.67,0.0,3267.0,267.0,0.0,26.67,33.33,397409,,,,,,,,,,,,,,,,,,
167.0,1.2,11.67,6.0,1.7,4.17,33.0,,1.67,0.0,1367.0,167.0,0.0,8.33,15.0,397423,,,,,,,,,,,,,,,,,,
22000.0,5.76,28.0,28.8,8.0,4.0,400.0,,16.0,0.0,720.0,480.0,0.0,8.0,48.0,397434,,,,,,,,,,,,,,,,,,
0.0,0.0,0.56,0.0,1.1,0.0,0.0,,0.0,0.0,191.0,45.0,0.0,7.87,8.99,397442,,,,,,,,,,,,,,,,,,
1613.0,0.0,0.0,0.0,3.2,0.0,0.0,,0.0,0.0,613.0,48.0,0.0,3.23,12.9,397451,,,,,,,,,,,,,,,,,,
0.0,0.0,3.33,0.0,0.0,0.0,0.0,,0.0,0.0,2133.0,167.0,0.0,26.67,33.33,397461,,,,,,,,,,,,,,,,,,
,,0.0,,,,,,0.0,,1400.0,0.0,,,20.0,397466,,,,,,,,,,,,,,,,,,
0.0,0.0,21.43,0.0,3.6,14.29,0.0,,14.29,71.0,429.0,357.0,0.0,0.0,42.86,397469,,,,,,,,,,,,,,,,,,
282.0,1.9,3.52,2.5,3.5,2.11,42.0,,4.23,4.0,320.0,92.0,0.0,2.11,9.86,397474,,,,,,,,,,,,,,,,,,
625.0,0.0,0.0,18.8,3.1,0.0,0.0,,3.12,0.0,359.0,78.0,0.0,6.25,18.75,397477,,,,,,,,,,,,,,,,,,
0.0,1.2,0.0,16.0,0.0,0.0,0.0,,0.0,0.0,300.0,50.0,0.0,13.33,13.33,397480,,,,,,,,,,,,,,,,,,
0.0,2.18,18.18,0.0,6.1,12.12,0.0,,3.03,0.0,0.0,424.0,0.0,51.52,63.64,397486,,,,,,,,,,,,,,,,,,
0.0,0.0,5.69,3.4,1.4,1.42,57.0,,5.69,0.0,1991.0,398.0,0.0,5.69,71.12,397489,,,,,,,,,,,,,,,,,,
23214.0,6.43,32.14,21.4,10.7,3.57,536.0,,21.43,0.0,786.0,536.0,0.0,14.29,39.29,397497,,,,,,,,,,,,,,,,,,
1000.0,3.6,26.67,0.0,3.3,16.67,333.0,,16.67,67.0,933.0,500.0,0.0,0.0,46.67,397519,,,,,,,,,,,,,,,,,,
0.0,12.0,10.0,0.0,0.0,0.0,0.0,,0.0,0.0,733.0,133.0,0.0,0.0,6.67,397521,,,,,,,,,,,,,,,,,,
0.0,1.29,0.0,0.0,0.0,0.0,0.0,,39.29,36.0,964.0,214.0,0.0,17.86,21.43,397522,,,,,,,,,,,,,,,,,,
333.0,0.6,10.0,2.0,1.7,5.83,33.0,,1.67,8.0,1533.0,133.0,0.0,5.0,11.67,397525,,,,,,,,,,,,,,,,,,
0.0,0.0,13.33,0.0,0.0,6.67,0.0,,6.67,33.0,500.0,300.0,0.0,33.33,33.33,397526,,,,,,,,,,,,,,,,,,
0.0,0.0,0.0,0.0,0.0,0.0,0.0,,0.0,0.0,5250.0,250.0,0.0,0.0,50.0,397531,,,,,,,,,,,,,,,,,,
357.0,2.57,16.07,8.6,3.6,1.79,71.0,,7.14,0.0,607.0,214.0,0.0,3.57,10.71,397533,,,,,,,,,,,,,,,,,,
,,0.0,,,,,,0.0,,200.0,100.0,0.0,20.0,20.0,397536,,,,,,,,,,,,,,,,,,
0.0,0.0,30.0,4.0,0.0,1.67,0.0,,0.0,33.0,367.0,300.0,0.0,0.0,6.67,397541,,,,,,,,,,,,,,,,,,
0.0,0.0,1.79,0.0,0.0,0.0,0.0,,23.21,36.0,161.0,107.0,0.0,0.0,0.0,397579,,,,,,,,,,,,,,,,,,
0.0,0.0,0.0,0.0,0.0,0.0,0.0,,0.42,0.0,271.0,6.0,0.0,0.0,0.83,397600,,,,,,,,,,,,,,,,,,
0.0,0.51,2.11,1.7,0.0,0.0,0.0,,16.9,56.0,352.0,99.0,0.0,0.0,0.0,397615,,,,,,,,,,,,,,,,,,
746.0,2.69,7.46,26.9,7.5,0.0,0.0,,22.39,0.0,6045.0,336.0,0.0,29.85,44.78,397631,,,,,,,,,,,,,,,,,,
1224.0,0.29,0.41,2.4,0.4,0.0,8.0,,2.86,4.0,245.0,41.0,0.0,1.22,6.53,397633,,,,,,,,,,,,,,,,,,
0.0,1.1,0.41,19.6,2.4,0.0,16.0,,3.67,0.0,269.0,65.0,0.0,1.22,11.84,397646,,,,,,,,,,,,,,,,,,
0.0,1.2,8.33,0.0,3.3,0.0,67.0,,10.0,0.0,417.0,300.0,0.0,20.0,53.33,399809,,,,,,,,,,,,,,,,,,
0.0,0.0,13.33,0.0,0.0,1.33,0.0,,6.67,0.0,400.0,440.0,0.0,0.0,73.33,399828,3.33,6.67,,,,,,,,,,,,,,,,
167.0,1.2,21.67,15.0,5.0,13.33,67.0,,3.33,0.0,283.0,500.0,0.0,55.0,71.67,399833,,,,,,,,,,,,,,,,,,
0.0,3.6,53.33,0.0,10.0,3.33,200.0,,20.0,0.0,533.0,600.0,0.0,3.33,20.0,399866,11.67,33.33,,,,,,,,,,,,,,,,
0.0,1.93,0.89,2.1,5.4,0.0,36.0,,10.71,0.0,464.0,268.0,0.0,0.0,51.79,399873,,,,,,,,,,,,,,,,,,
1744.0,0.84,0.0,0.0,7.0,0.0,47.0,,2.33,0.0,0.0,349.0,0.0,53.49,83.72,399875,,,,,,,,,,,,,,,,,,
0.0,0.0,0.0,0.0,5.0,0.0,0.0,,0.0,0.0,0.0,350.0,0.0,77.5,90.0,399899,,,,,,,,,,,,,,,,,,
0.0,0.0,0.0,0.0,5.0,0.0,0.0,,5.0,0.0,38.0,325.0,0.0,57.5,77.5,400020,,,1525.0,,,,,,,,,,,,,,,
3977.0,1.64,1.14,0.0,4.5,0.0,45.0,,4.55,0.0,0.0,364.0,0.0,54.55,81.82,400061,,,,,,,,,,,,,,,,,,
1250.0,0.9,0.0,0.0,7.5,0.0,50.0,,2.5,0.0,25.0,275.0,0.0,35.0,67.5,400077,,,825.0,,,,,,,,,,,,,,,
4375.0,2.7,0.0,3.0,10.0,0.0,50.0,,2.5,0.0,0.0,250.0,0.0,45.0,60.0,400193,,,1175.0,,,,,,,,,,,,,,,
0.0,6.0,20.0,4.0,10.0,1.67,67.0,,6.67,0.0,600.0,467.0,0.0,6.67,70.0,400246,5.0,11.67,,,,,,,,,,,,,,,,
11250.0,4.5,0.0,15.0,5.0,0.0,50.0,,5.0,0.0,0.0,325.0,0.0,52.5,72.5,400319,,,675.0,,,,,,,,,,,,,,,
0.0,1.2,30.0,12.0,6.7,26.67,0.0,,3.33,0.0,0.0,533.0,0.0,10.0,63.33,400349,,,,,,,,,,,,,,,,,,
0.0,0.9,0.0,0.0,17.5,0.0,50.0,,2.5,0.0,0.0,350.0,0.0,65.0,82.5,400420,,,,,,,,,,,,,,,,,,
2500.0,3.6,0.0,15.0,5.0,0.0,50.0,,2.5,0.0,0.0,275.0,0.0,42.5,62.5,400428,,,,,,,,,,,,,,,,,,
1333.0,0.0,20.0,0.0,3.3,13.33,0.0,,6.67,67.0,200.0,500.0,0.0,36.67,70.0,401810,,,,,,,,,,,,,,,,,,
0.0,0.0,18.75,0.0,3.1,7.81,0.0,,6.25,0.0,344.0,469.0,0.0,31.25,75.0,402066,,,,,,,,,,,,,,,,,,
0.0,3.6,8.75,0.0,12.5,1.25,50.0,,12.5,0.0,50.0,400.0,0.0,0.0,67.5,402896,3.75,2.5,,0.0,8.0,,,,,,,,,,,,,
0.0,3.2,15.56,0.0,2.2,6.67,222.0,,8.89,0.0,600.0,422.0,0.0,22.22,62.22,402933,,,,,,,,,,,,,,,,,,
0.0,3.86,8.93,0.0,3.6,5.36,0.0,,3.57,0.0,250.0,429.0,0.0,57.14,78.57,402944,,,,,,,,,,,,,,,,,,
0.0,2.4,8.33,0.0,3.3,0.0,133.0,,10.0,0.0,383.0,433.0,0.0,0.0,80.0,403073,,,,,,,,,,,,,,,,,,
0.0,2.84,11.84,3.2,2.6,3.95,263.0,,7.89,0.0,658.0,395.0,0.0,18.42,63.16,403085,,,,,,,,,,,,,,,,,,
0.0,0.84,2.33,0.0,4.7,0.0,93.0,,6.98,0.0,744.0,326.0,0.0,18.6,74.42,403172,,,,,,,,,,,,,,,,,,
0.0,2.53,8.77,0.0,1.8,3.51,105.0,,7.02,18.0,842.0,386.0,0.0,21.05,70.18,403192,,,,,,,,,,,,,,,,,,
,,0.0,,,,,,0.0,,0.0,400.0,,100.0,100.0,403198,,,,,,,,,,,,,,,,,,
0.0,4.8,16.67,0.0,13.3,1.67,200.0,,13.33,0.0,0.0,433.0,0.0,0.0,56.67,403220,13.33,1.67,283.0,10.0,3.0,0.0,,,0.267,,,5.333,0.533,2.0,267.0,500.0,0.0,
0.0,12.0,46.67,0.0,6.7,5.0,67.0,,33.33,0.0,0.0,600.0,0.0,3.33,6.67,403399,33.33,5.0,1000.0,,,1.0,,,0.533,,0.34,,,10.0,600.0,1500.0,7.0,
,,0.0,,,,,,0.0,,0.0,375.0,,100.0,100.0,403411,,,,,,,,,,,,,,,,,,
164.0,1.18,6.56,0.0,3.3,4.1,164.0,,14.75,16.0,934.0,377.0,0.0,8.2,63.93,403427,,,,,,,,,,,,,,,,,,
213.0,2.3,0.0,0.0,2.1,0.0,0.0,,6.38,0.0,511.0,362.0,0.0,31.91,80.85,403691,,,,,,,,,,,,,,,,,,
208.0,0.15,0.83,1.0,0.4,0.62,62.0,,2.08,4.0,312.0,42.0,0.0,4.17,6.67,411409,,,208.0,,,,,,,,,,,,,,,
0.0,0.0,0.0,25.0,0.0,0.0,0.0,,0.42,0.0,4.0,50.0,0.0,9.58,12.08,411618,,,121.0,,,,,,,,,,,,,,,
0.0,0.0,0.0,30.0,0.0,0.0,146.0,,0.83,0.0,6.0,46.0,0.0,10.0,11.25,414575,,,188.0,,,,,,,,,,,,,,,
0.0,0.15,0.0,0.0,0.0,0.0,8.0,,0.0,0.0,6.0,42.0,0.0,7.92,10.0,420312,,,75.0,,,,,,,,,,,,,,,
1333.0,0.0,40.0,0.0,0.0,20.0,0.0,,0.0,133.0,33.0,333.0,0.0,0.0,0.0,420357,,,,,,,,,,,,,,,,,,
,,0.0,,,,,,0.0,,0.0,0.0,,,0.0,492816,,,,,,,,,,,,,,,,,,
0.0,3.0,7.29,0.0,2.1,0.0,0.0,,8.33,0.0,312.0,312.0,0.0,0.0,50.0,492868,,,,,,,,,,,,,,,,,,
0.0,3.72,12.07,0.0,6.9,6.9,138.0,,6.9,0.0,121.0,345.0,0.0,37.93,58.62,493796,,,,,,,,,,,,,,,,,,
,,0.0,,,,8.0,,0.0,,0.0,10.0,,2.08,2.5,494056,,,10.0,,,,,,,,,,,,,,0.0,
208.0,0.3,1.25,0.0,0.4,0.0,188.0,42.0,0.42,0.0,75.0,17.0,0.0,0.42,0.83,495557,0.21,0.83,79.0,,,,,,,,,,,,,,,
,,93.33,,,6.67,,,0.0,,0.0,800.0,0.0,,0.0,495707,26.67,53.33,,,,,,,,,,,,,,,,
0.0,4.8,6.67,0.0,0.0,0.0,0.0,,13.33,0.0,267.0,400.0,0.0,0.0,80.0,496485,,,,,,,,,,,,,,,,,,
0.0,0.45,0.0,0.0,0.0,0.0,17.0,,0.83,0.0,27.0,54.0,0.0,12.08,12.92,497277,,,167.0,,,,,,,,,,,,,,,
0.0,0.0,0.0,10.0,2.2,0.0,0.0,,0.0,0.0,11.0,56.0,0.0,11.11,13.33,497380,,,100.0,,,,,,,,,,,,,,,
0.0,0.15,0.0,25.0,,,0.0,,0.0,,10.0,54.0,,13.75,13.75,498895,,,75.0,,,,,,,,,,,,,,,
,,0.0,,,,,,0.0,,15.0,0.0,,,0.0,498899,,,,,,,,,,,,,,,,,,
,,0.0,,,,,,0.0,,15.0,0.0,,,0.0,498902,,,,,,,,,,,,,,,,,,
,,0.0,,,,,,0.0,,0.0,33.0,,,6.67,498903,,,,,,,,,,,,,,,,,,
208.0,0.15,2.08,0.0,0.0,2.08,125.0,42.0,0.0,0.0,62.0,25.0,0.0,0.42,0.42,498904,,,,,,,0.62,,,,,,,,,,,
,0.3,0.0,,,,17.0,,0.0,,19.0,17.0,,4.17,4.17,498908,,,200.0,,,,,,,,,,,,25.0,17.0,,
0.0,0.45,0.0,0.0,0.4,0.0,17.0,,0.0,0.0,6.0,62.0,0.0,10.83,15.0,498909,,,,,,,,,,,,,,,,,,
,,0.0,,,,,,0.0,,15.0,0.0,,,0.0,498910,,,,,,,,,,,,,,,,,,
,,0.0,,,,,,0.0,,15.0,0.0,,,0.0,498912,,,,,,,,,,,,,,,,,,
208.0,0.3,1.25,0.0,0.4,0.0,188.0,42.0,0.42,0.0,75.0,17.0,0.0,0.42,0.83,498914,0.21,0.83,79.0,,,,,,,,,,,,,,,
,,0.0,7.5,,,,,0.0,,4.0,0.0,,0.0,0.0,498916,,,,,,,,,,,,,,,,,,
0.0,0.0,93.33,0.0,0.0,13.33,0.0,,0.0,0.0,0.0,800.0,0.0,6.67,0.0,498919,10.0,66.67,,,,,,,,,,,,,,,,
,,93.33,,,13.33,,,0.0,,0.0,800.0,,,0.0,498921,10.0,66.67,,,,,,,,,,,,,,,,
,,0.0,,,,,,0.0,,0.0,62.0,,14.58,15.0,498924,,,,,,,,,,,,,,,,,,
,,0.0,,,,,,0.0,,20.0,167.0,,40.0,40.0,498925,,,,,,,,,,,,,,,,,,
0.0,0.0,0.0,0.5,0.0,0.0,8.0,,0.0,0.0,38.0,15.0,0.0,3.33,4.17,498926,,,188.0,,,,,,,,,,,,10.0,8.0,,
1875.0,0.15,0.0,3.8,0.0,0.0,8.0,,0.42,0.0,12.0,46.0,0.0,10.42,11.67,498927,,,,,,,,,,,,,,,,,,
42.0,0.6,1.88,0.0,0.8,0.21,8.0,,3.75,0.0,35.0,38.0,0.0,0.83,1.67,498931,,,,,,,,,,,,,,,,,,
333.0,1.2,0.0,20.0,0.0,0.0,0.0,,0.0,0.0,400.0,33.0,0.0,3.33,6.67,498934,,,,,,,,,,,,,,,,,,
,,0.0,,,,,,0.0,,38333.0,0.0,,0.0,0.0,498937,,,,,,,,,,,,,,,,,,
,,93.33,,,13.33,,,0.0,,0.0,800.0,0.0,,0.0,498938,10.0,66.67,,,,,,,,,,,,,,,,
208.0,0.3,1.25,0.0,0.4,0.0,188.0,42.0,0.42,0.0,75.0,17.0,0.0,0.42,0.83,498942,0.21,0.83,79.0,,,,,,,,,,,,,,,
,,1.25,,0.4,0.0,,,2.92,0.0,50.0,54.0,0.0,5.0,7.08,498949,0.83,0.42,,,,,,,,,,,,,,,,
,,0.0,24.0,,,,,0.0,,700.0,0.0,,,0.0,500084,,,,,,,,,,,,,,,,,,
167.0,0.6,7.5,0.0,1.7,6.67,0.0,,1.67,0.0,783.0,100.0,0.0,3.33,6.67,500086,,,,,,,,,,,,,,,,,,
,,0.0,,,,,,0.0,,3067.0,100.0,,6.67,13.33,500092,,,,,,,,,,,,,,,,,,
0.0,0.6,0.42,0.0,1.7,0.0,17.0,,1.67,0.0,217.0,29.0,0.0,1.25,5.0,500113,,,108.0,,,,,,,,,,,,,,,
417.0,0.15,0.83,2.0,0.4,0.62,62.0,,2.08,4.0,312.0,42.0,0.0,4.17,6.67,500125,,,208.0,,,,,,,,,,,,,,,
0.0,0.9,0.0,0.0,7.5,0.0,0.0,,5.0,0.0,0.0,275.0,0.0,47.5,65.0,500928,,,,,,,,,,,,,,,,,,
404.0,0.0,9.09,0.0,0.0,5.05,101.0,,4.04,81.0,96.0,242.0,0.0,25.25,34.34,522451,,,,,,,,,,,,,,,,,,
294.0,0.0,0.0,388.2,11.8,0.0,0.0,,2.94,0.0,29.0,382.0,0.0,64.71,94.12,531363,,,,,,,,,,,,,,,,,,
357.0,1.29,0.0,32.1,0.0,0.0,0.0,,0.0,0.0,500.0,36.0,0.0,0.0,7.14,531364,,,,,,,,,,,,,,,,,,
1429.0,0.0,21.43,8.6,3.6,17.86,357.0,,3.57,0.0,179.0,464.0,0.0,46.43,64.29,539279,,,,,,,,,,,,,,,,,,
,,0.0,16.0,,,,,0.0,,0.0,100.0,,26.67,26.67,539440,,,,,,,,,,,,,,,,,,
0.0,1.29,25.0,0.0,3.6,1.79,0.0,,3.57,0.0,1071.0,500.0,0.0,0.0,64.29,539500,3.57,17.86,,,,,,,,,,,,,,,,
,,0.0,,,,,,0.0,,0.0,0.0,,,0.0,544807,,,,,,,,,,,,,,,,,,
4167.0,27.0,1.67,50.0,30.0,0.0,67.0,133.0,10.0,0.0,233.0,267.0,0.0,16.67,76.67,557483,,,,27.0,3.0,1.0,,,1.667,333.0,1.417,16.667,,,,,,
,,0.0,,3.6,,,,0.0,,1214.0,18.0,,,3.57,557566,,,,,,,,,,,,,,,,,,
0.0,0.49,0.68,0.0,2.7,0.0,0.0,,2.7,0.0,0.0,162.0,0.0,0.0,37.84,557569,,,,,,,,,,,,,,,,,,
938.0,0.3,0.83,1.0,1.2,0.0,17.0,,0.83,0.0,229.0,38.0,0.0,1.67,6.67,569010,,,,,,,,,,,,,,,,,,
0.0,2.4,13.33,0.0,3.3,0.0,0.0,,6.67,0.0,250.0,400.0,0.0,20.0,60.0,580642,,,,,,,,,,,,,,,,,,
,,0.0,,,,,,0.0,,3.0,39.0,,9.86,10.14,597355,,,,,,,,,,,,,,,,,,
0.0,0.0,0.0,0.0,0.0,0.0,0.0,,0.42,0.0,271.0,6.0,0.0,0.0,0.83,626530,,,,,,,,,,,,,,,,,,
0.0,2.41,15.18,0.0,0.0,5.36,18.0,,18.75,67.0,67.0,214.0,0.89,0.0,0.0,703818,,,,,,,,,,,,,,,,,,
404.0,0.0,9.09,0.0,0.0,5.05,101.0,,4.04,81.0,96.0,242.0,0.0,25.25,34.34,738120,,,,,,,,,,,,,,,,,,
,,16.07,,,7.14,,,7.14,36.0,482.0,464.0,0.0,35.71,78.57,825988,,,,,,,,,,,,,,,,,,
,,9.09,,0.0,5.05,,,4.04,81.0,96.0,,0.0,25.25,34.34,906784,,,,,,,,,,,,,,,,,,
,0.71,21.43,,,8.93,,,3.57,,,500.0,0.0,32.14,71.43,950402,,,714.0,,,,,,,,,,,,,,,
0.0,2.57,16.07,0.0,0.0,7.14,0.0,,7.14,36.0,482.0,464.0,0.0,35.71,78.57,959667,,,,,,,,,,,,,,,,,,
,0.82,18.24,,1.2,10.0,200.0,,10.0,103.0,524.0,276.0,0.0,1.76,17.65,963391,,,147.0,,,,,,,,,,,,,,,
0.0,1.96,5.45,0.0,9.1,0.0,36.0,,7.27,0.0,136.0,382.0,0.0,27.27,80.0,1849701,,,,,,,,,,,,,,,,,,
265.0,0.0,0.0,0.0,0.0,0.0,88.0,71.0,11.5,4.0,363.0,62.0,0.0,3.54,4.42,1849738,,,,,,,,,,,,,,,,,,
,,0.0,,,0.0,,,0.0,,0.0,375.0,0.0,100.0,100.0,1849849,,,,,,,,,,,,,,,,,,
,,0.0,,,0.0,,,0.0,0.0,0.0,0.0,0.0,,0.0,1849853,,,,,,,,,,,,,,,,,,
0.0,1.2,15.0,4.0,6.7,0.0,67.0,,6.67,0.0,533.0,233.0,0.0,0.0,16.67,1849854,,,,,,,,,,,,,,,,,,
0.0,6.43,3.57,0.0,10.7,0.0,143.0,,17.86,0.0,464.0,214.0,0.0,0.0,25.0,1849855,,,,,,,,,,,,,,,,,,
0.0,1.29,25.0,21.4,3.6,1.79,0.0,,7.14,0.0,429.0,500.0,0.0,0.0,64.29,1849873,,,1679.0,,,,,,,,,,,,,,,
357.0,2.57,0.89,2.1,3.6,0.0,36.0,,12.5,0.0,27.0,357.0,0.0,1.79,73.21,1849885,,,,,,,,,,,,,,,,,,
0.0,2.4,3.33,0.0,3.3,0.0,67.0,,10.0,0.0,567.0,400.0,0.0,3.33,83.33,1850136,,,,,,,,,,,,,,,,,,
404.0,0.0,9.09,0.0,0.0,5.05,101.0,,4.04,81.0,96.0,242.0,0.0,25.25,34.34,1028333,,,,,,,,,,,,,,,,,,
,0.71,21.43,,0.0,8.93,0.0,0.0,3.57,0.0,0.0,500.0,0.0,32.14,71.43,1042871,,,714.0,,,,,,,,,,,,,,,
0.0,3.21,2.68,0.0,8.9,0.0,36.0,,12.5,0.0,0.0,375.0,0.0,3.57,73.21,1850810,,,,,,,,,,,,,,,,,,
0.0,1.29,32.14,21.4,3.6,3.57,0.0,,7.14,0.0,375.0,536.0,0.0,0.0,57.14,1850914,3.57,25.0,1536.0,,,,,,,,,,,,,,,
357.0,3.86,28.57,0.0,14.3,3.57,143.0,,21.43,0.0,179.0,464.0,0.0,0.0,46.43,1851049,12.5,12.5,,11.0,4.0,,,,,,,,,,,,,
595.0,1.71,7.14,0.0,3.6,0.6,24.0,,5.95,0.0,417.0,202.0,0.0,2.38,26.19,1851075,,,,,,,,,,,,,,,,,,
0.0,2.25,50.0,0.0,9.4,6.25,62.0,,25.0,0.0,16.0,594.0,0.0,3.12,21.88,1851132,12.5,21.88,,,,,,,,,,,,,,,,
0.0,0.0,0.0,0.0,5.3,0.0,35.0,,3.51,0.0,316.0,211.0,0.0,0.0,49.12,1851488,,,,,,,,,,,,,,,,,,
714.0,0.0,17.86,0.0,0.0,12.5,357.0,,17.86,71.0,929.0,250.0,0.0,0.0,3.57,1851958,,,,,,,,,,,,,,,,,,
0.0,1.26,3.51,10.5,8.8,0.0,35.0,,10.53,0.0,509.0,281.0,0.0,7.02,52.63,1852323,,,,,,,,,,,,,,,,,,
0.0,3.0,5.0,0.0,1.7,0.83,333.0,,8.33,8.0,867.0,350.0,0.0,6.67,70.0,1855305,,,,,,,,,,,,,,,,,,
82.0,1.48,0.41,0.0,4.9,0.0,33.0,,4.92,0.0,303.0,82.0,0.0,0.82,15.57,1856224,,,,,,,,,,,,,,,,,,
0.0,0.16,0.0,0.5,0.0,0.0,88.0,,7.93,4.0,31.0,84.0,0.0,11.01,13.66,1856766,,,115.0,,,,,,,,,,,,,,,
154.0,0.28,5.38,0.0,2.3,1.54,115.0,,4.62,8.0,54.0,123.0,0.0,13.08,15.38,1856769,,,,,,,,,,,,,,,,,,
,,0.0,,,,67.0,,8.0,3.0,27.0,80.0,,10.0,11.33,1856770,,,100.0,,,,,,,,,,,,,,,
59.0,0.42,1.47,3.5,0.0,0.88,147.0,,3.53,9.0,47.0,88.0,0.0,11.76,14.71,1856772,,,153.0,,,,,,,,,,,,,,,
59.0,0.21,1.47,0.0,0.0,0.88,147.0,,3.53,9.0,50.0,82.0,0.0,11.76,14.12,1856773,,,147.0,,,,,,,,,,,,,,,
1786.0,1.29,21.43,0.0,3.6,12.5,71.0,,3.57,36.0,214.0,429.0,0.0,25.0,57.14,1856774,,,,,,,,,,,,,,,,,,
0.0,4.29,50.0,0.0,9.5,4.76,95.0,,16.67,0.0,95.0,571.0,0.0,14.29,26.19,1856775,14.29,26.19,,,,,,,,,,,,,,,,
0.0,3.38,53.12,0.0,9.4,4.69,250.0,,21.88,0.0,0.0,594.0,0.0,6.25,21.88,1856776,12.5,31.25,,,,,,,,,,,,,,,,
0.0,3.86,1.79,0.0,0.0,0.0,0.0,,39.29,36.0,1000.0,214.0,0.0,17.86,21.43,1856777,,,,,,,,,,,,,,,,,,
,,0.0,,5.0,,,,0.0,,0.0,250.0,,60.0,65.0,1856778,,,,,,,,,,,,,,,,,,
400.0,3.6,0.0,4.8,10.0,0.0,0.0,,8.0,0.0,110.0,320.0,0.0,16.0,78.0,1856780,,,,8.0,2.0,,,,,,,,,,,,,
0.0,3.38,50.0,0.0,12.5,3.12,250.0,,21.88,0.0,0.0,594.0,0.0,3.12,21.88,1856781,12.5,31.25,,,,,,,,,,,,,,,,
0.0,1.38,0.0,0.0,7.7,0.0,77.0,,6.15,0.0,200.0,92.0,0.0,0.77,16.15,1859189,,,,,,,,,,,,,,,,,,
0.0,2.57,35.71,0.0,14.3,35.71,0.0,,3.57,0.0,464.0,571.0,0.0,32.14,53.57,1859191,,,,,,,,,,,,,,,,,,
0.0,6.43,30.95,0.0,7.1,19.05,48.0,,7.14,0.0,0.0,524.0,0.0,40.48,52.38,1859192,,,,,,,,,,,,,,,,,,
0.0,3.86,3.57,0.0,3.6,0.0,0.0,,10.71,0.0,643.0,393.0,0.0,3.57,82.14,1859193,,,,,,,,,,,,,,,,,,
0.0,4.29,5.95,0.0,7.1,0.0,48.0,,14.29,0.0,0.0,381.0,0.0,7.14,71.43,1859347,,,,,,,,,,,,,,,,,,
0.0,2.4,0.0,0.0,6.7,0.0,0.0,,6.67,0.0,667.0,367.0,0.0,3.33,86.67,1859360,,,,,,,,,,,,,,,,,,
2857.0,10.29,4.29,0.0,8.6,0.0,286.0,0.0,8.57,0.0,486.0,371.0,0.0,34.29,77.14,1860709,1.43,1.43,,,3.0,1.0,,,1.143,,0.971,11.429,,,91.0,286.0,,
0.0,3.86,25.0,0.0,3.6,17.86,357.0,,3.57,0.0,250.0,500.0,0.0,53.57,64.29,1861816,,,,,,,,,,,,,,,,,,
202.0,1.09,1.82,1.0,2.8,0.61,0.0,,7.69,14.0,324.0,97.0,0.0,2.43,12.15,1861821,,,,,,,,,,,,,,,,,,
0.0,1.36,9.43,0.0,15.1,0.0,75.0,,18.87,0.0,236.0,358.0,0.0,22.64,62.26,1861913,2.83,5.66,,6.0,9.0,,,,,,,,0.075,0.57,75.0,189.0,1.0,
0.0,3.38,53.12,0.0,9.4,4.69,250.0,,21.88,0.0,0.0,594.0,0.0,6.25,21.88,1861938,12.5,31.25,,,,,,,,,,,,,,,,
0.0,1.11,0.0,0.0,4.6,0.0,31.0,,5.38,0.0,108.0,85.0,0.0,1.54,15.38,1861939,,,,,,,,,,,,,,,,,,
0.0,0.0,18.75,0.0,6.2,0.0,0.0,,6.25,0.0,1000.0,281.0,0.0,12.5,18.75,1861940,,,,,,,,,,,,,,,,,,
0.0,2.25,50.0,0.0,6.2,6.25,62.0,,21.88,0.0,438.0,594.0,0.0,3.12,21.88,1861941,15.62,25.0,656.0,,,,,,,,,,,,,,,
3571.0,1.29,8.93,12.9,3.6,0.0,71.0,,3.57,18.0,536.0,107.0,0.0,3.57,7.14,1863433,,,,,,,,,,,,,,,,,,
0.0,1.03,0.0,3.4,1.4,0.0,0.0,,0.0,0.0,1171.0,171.0,0.0,37.14,40.0,1864841,,,,,,,,,,,,,,,,,,
0.0,0.0,20.0,0.0,0.0,0.0,0.0,,0.0,0.0,1100.0,200.0,0.0,0.0,0.0,1864844,,,,,,,,,,,,,,,,,,
,,0.0,,,,,,0.0,,1000.0,0.0,,0.0,0.0,1864845,,,,,,,,,,,,,,,,,,
,,0.0,7.1,2.9,,,,0.0,,559.0,147.0,,35.29,35.29,1864857,,,,,,,,,,,,,,,,,,
588.0,1.06,0.0,14.1,0.0,0.0,0.0,,0.0,0.0,618.0,132.0,0.0,29.41,32.35,1864861,,,,,,,,,,,,,,,,,,
,,10.0,,,,,,0.0,,2300.0,100.0,,0.0,0.0,1864862,,,,,,,,,,,,,,,,,,
0.0,1.0,0.0,3.3,0.0,0.0,56.0,,0.0,0.0,1167.0,167.0,0.0,36.11,38.89,1864863,,,,,,,,,,,,,,,,,,
0.0,0.0,0.0,0.0,0.0,0.0,0.0,,0.0,0.0,0.0,333.0,0.0,80.95,80.95,1864867,,,,,,,,,,,,,,,,,,
294.0,0.0,0.0,7.1,2.9,0.0,0.0,,2.94,0.0,250.0,132.0,0.0,17.65,29.41,1866449,,,,,,,,,,,,,,,,,,
2500.0,0.0,0.0,375.0,0.0,0.0,0.0,,0.0,0.0,2000.0,125.0,0.0,25.0,25.0,1866453,,,,,,,,,,,,,,,,,,
0.0,1.29,12.5,0.0,3.6,0.0,0.0,,7.14,0.0,679.0,214.0,0.0,3.57,17.86,1866454,,,,,,,,,,,,,,,,,,
0.0,7.2,0.0,0.0,28.0,0.0,0.0,,24.0,0.0,40.0,340.0,0.0,4.0,60.0,1866456,,,,22.0,6.0,,,,,,,,,,,,,
0.0,2.4,13.33,0.0,6.7,6.67,0.0,,6.67,0.0,3267.0,267.0,0.0,26.67,33.33,1866458,,,,,,,,,,,,,,,,,,
167.0,1.2,11.67,6.0,1.7,4.17,33.0,,1.67,0.0,1367.0,167.0,0.0,8.33,15.0,1866463,,,,,,,,,,,,,,,,,,
22000.0,5.76,28.0,28.8,8.0,4.0,400.0,,16.0,0.0,720.0,480.0,0.0,8.0,48.0,1866467,,,,,,,,,,,,,,,,,,
0.0,0.0,0.56,0.0,1.1,0.0,0.0,,0.0,0.0,191.0,45.0,0.0,7.87,8.99,1866472,,,,,,,,,,,,,,,,,,
1613.0,0.0,0.0,0.0,3.2,0.0,0.0,,0.0,0.0,613.0,48.0,0.0,3.23,12.9,1866476,,,,,,,,,,,,,,,,,,
0.0,0.0,3.33,0.0,0.0,0.0,0.0,,0.0,0.0,2133.0,167.0,0.0,26.67,33.33,1866480,,,,,,,,,,,,,,,,,,
0.0,0.0,21.43,0.0,3.6,14.29,0.0,,14.29,71.0,429.0,357.0,0.0,0.0,42.86,1866482,,,,,,,,,,,,,,,,,,
282.0,1.9,3.52,2.5,3.5,2.11,42.0,,4.23,4.0,320.0,92.0,0.0,2.11,9.86,1866483,,,,,,,,,,,,,,,,,,
0.0,1.2,0.0,16.0,0.0,0.0,0.0,,0.0,0.0,300.0,50.0,0.0,13.33,13.33,1866486,,,,,,,,,,,,,,,,,,
0.0,2.18,18.18,0.0,6.1,12.12,0.0,,3.03,0.0,0.0,424.0,0.0,51.52,63.64,1866487,,,,,,,,,,,,,,,,,,
0.0,0.0,5.69,3.4,1.4,1.42,57.0,,5.69,0.0,1991.0,398.0,0.0,5.69,71.12,1866488,,,,,,,,,,,,,,,,,,
0.0,12.0,10.0,0.0,0.0,0.0,0.0,,0.0,0.0,733.0,133.0,0.0,0.0,6.67,1866499,,,,,,,,,,,,,,,,,,
0.0,0.0,13.33,0.0,0.0,6.67,0.0,,6.67,33.0,500.0,300.0,0.0,33.33,33.33,1866500,,,,,,,,,,,,,,,,,,
0.0,0.0,0.0,0.0,0.0,0.0,0.0,,0.0,0.0,5250.0,250.0,0.0,0.0,50.0,1866503,,,,,,,,,,,,,,,,,,
357.0,2.57,16.07,8.6,3.6,1.79,71.0,,7.14,0.0,607.0,214.0,0.0,3.57,10.71,1866504,,,,,,,,,,,,,,,,,,
,,0.0,,,,,,0.0,,200.0,100.0,0.0,20.0,20.0,1866505,,,,,,,,,,,,,,,,,,
0.0,0.0,30.0,4.0,0.0,1.67,0.0,,0.0,33.0,367.0,300.0,0.0,0.0,6.67,1866507,,,,,,,,,,,,,,,,,,
,,10.42,,,5.21,,,10.42,52.0,3750.0,208.0,,10.42,31.25,1866521,,,,,,,,,,,,,,,,,,
0.0,0.51,2.11,1.7,0.0,0.0,0.0,,16.9,56.0,352.0,99.0,0.0,0.0,0.0,1866534,,,,,,,,,,,,,,,,,,
746.0,2.69,7.46,26.9,7.5,0.0,0.0,,22.39,0.0,6045.0,336.0,0.0,29.85,44.78,1866544,,,,,,,,,,,,,,,,,,
1224.0,0.29,0.41,2.4,0.4,0.0,8.0,,2.86,4.0,245.0,41.0,0.0,1.22,6.53,1866546,,,,,,,,,,,,,,,,,,
0.0,1.2,8.33,0.0,3.3,0.0,67.0,,10.0,0.0,417.0,300.0,0.0,20.0,53.33,1867404,,,,,,,,,,,,,,,,,,
0.0,0.0,13.33,0.0,0.0,1.33,0.0,,6.67,0.0,400.0,440.0,0.0,0.0,73.33,1867410,3.33,6.67,,,,,,,,,,,,,,,,
0.0,3.6,53.33,0.0,10.0,3.33,200.0,,20.0,0.0,533.0,600.0,0.0,3.33,20.0,1867421,11.67,33.33,,,,,,,,,,,,,,,,
0.0,1.93,0.89,2.1,5.4,0.0,36.0,,10.71,0.0,464.0,268.0,0.0,0.0,51.79,1867425,,,,,,,,,,,,,,,,,,
3977.0,1.64,1.14,0.0,4.5,0.0,45.0,,4.55,0.0,0.0,364.0,0.0,54.55,81.82,1867474,,,,,,,,,,,,,,,,,,
1250.0,0.9,0.0,0.0,7.5,0.0,50.0,,2.5,0.0,25.0,275.0,0.0,35.0,67.5,1867477,,,825.0,,,,,,,,,,,,,,,
4375.0,2.7,0.0,3.0,10.0,0.0,50.0,,2.5,0.0,0.0,250.0,0.0,45.0,60.0,1867511,,,1175.0,,,,,,,,,,,,,,,
0.0,6.0,20.0,4.0,10.0,1.67,67.0,,6.67,0.0,600.0,467.0,0.0,6.67,70.0,1867523,5.0,11.67,,,,,,,,,,,,,,,,
0.0,1.2,30.0,12.0,6.7,26.67,0.0,,3.33,0.0,0.0,533.0,0.0,10.0,63.33,1867554,,,,,,,,,,,,,,,,,,
0.0,0.9,0.0,0.0,17.5,0.0,50.0,,2.5,0.0,0.0,350.0,0.0,65.0,82.5,1867585,,,,,,,,,,,,,,,,,,
0.0,0.0,18.75,0.0,3.1,7.81,0.0,,6.25,0.0,344.0,469.0,0.0,31.25,75.0,1868216,,,,,,,,,,,,,,,,,,
0.0,3.86,8.93,0.0,3.6,5.36,0.0,,3.57,0.0,250.0,429.0,0.0,57.14,78.57,1868566,,,,,,,,,,,,,,,,,,
0.0,2.4,8.33,0.0,3.3,0.0,133.0,,10.0,0.0,383.0,433.0,0.0,0.0,80.0,1868633,,,,,,,,,,,,,,,,,,
0.0,2.16,2.0,0.0,2.0,0.0,0.0,,4.0,0.0,820.0,380.0,0.0,50.0,86.0,1868640,,,,,,,,,,,,,,,,,,
0.0,0.84,2.33,0.0,4.7,0.0,93.0,,6.98,0.0,744.0,326.0,0.0,18.6,74.42,1868676,,,,,,,,,,,,,,,,,,
0.0,12.0,46.67,0.0,6.7,5.0,67.0,,33.33,0.0,0.0,600.0,0.0,3.33,6.67,1868779,33.33,5.0,1000.0,,,1.0,,,0.533,,0.34,,,10.0,600.0,1500.0,7.0,
164.0,1.18,6.56,0.0,3.3,4.1,164.0,,14.75,16.0,934.0,377.0,0.0,8.2,63.93,1868793,,,,,,,,,,,,,,,,,,
213.0,2.3,0.0,0.0,2.1,0.0,0.0,,6.38,0.0,511.0,362.0,0.0,31.91,80.85,1868887,,,,,,,,,,,,,,,,,,
1471.0,2.12,15.29,0.0,1.8,8.82,265.0,,11.76,118.0,429.0,271.0,0.29,3.53,22.35,1872868,,,,,,,,,,,,,,,,,,
0.0,0.0,0.0,30.0,0.0,0.0,146.0,,0.83,0.0,6.0,46.0,0.0,10.0,11.25,1872908,,,188.0,,,,,,,,,,,,,,,
1333.0,0.0,40.0,0.0,0.0,20.0,0.0,,0.0,133.0,33.0,333.0,0.0,0.0,0.0,1875397,,,,,,,,,,,,,,,,,,
625.0,0.0,0.0,18.8,3.1,0.0,0.0,,3.12,0.0,359.0,78.0,0.0,6.25,18.75,1147419,,,,,,,,,,,,,,,,,,
0.0,1.96,5.45,0.0,9.1,0.0,36.0,,7.27,0.0,136.0,382.0,0.0,27.27,80.0,1170952,,,,,,,,,,,,,,,,,,
0.0,0.0,0.0,225.0,6.2,0.0,0.0,,0.0,0.0,0.0,125.0,0.0,25.0,31.25,1171033,,,,,,,,,,,,,,,,,,
0.0,2.62,3.64,8.7,7.3,0.0,36.0,,7.27,0.0,200.0,382.0,0.0,18.18,83.64,1171297,,,,,,,,,,,,,,,,,,
0.0,1.29,25.0,21.4,3.6,1.79,0.0,,7.14,0.0,429.0,500.0,0.0,0.0,64.29,1171325,,,1679.0,,,,,,,,,,,,,,,
12500.0,18.0,8.33,80.0,16.7,0.0,333.0,,0.0,0.0,8667.0,250.0,0.0,16.67,50.0,1171477,,,,,,,,,,,,,,,,,,
0.0,3.6,50.0,0.0,13.3,3.33,267.0,,23.33,0.0,383.0,567.0,0.0,3.33,16.67,1171884,,,,,,,,,,,,,,,,,,
,,0.0,,0.0,,,,0.0,,0.0,0.0,,0.0,0.0,1172894,,,,,,,,,,,,,,,,,,
0.0,2.4,13.33,4.0,6.7,1.67,67.0,,10.0,0.0,267.0,233.0,0.0,3.33,20.0,1173577,,,,,,,,,,,,,,,,,,
395.0,8.29,1.97,1.6,1.3,0.0,53.0,,26.32,0.0,434.0,145.0,0.0,1.32,3.95,1173832,,,,,,,,,,,,,,,,,,
357.0,1.29,28.57,0.0,10.7,1.79,0.0,,7.14,0.0,429.0,500.0,0.0,0.0,53.57,1173894,3.57,17.86,,,,,,,,,,,,,,,,
0.0,5.54,38.46,0.0,15.4,23.08,0.0,,7.69,0.0,77.0,615.0,0.0,30.77,53.85,1174123,,,,,,,,,,,,,,,,,,
,,0.0,,,,,,0.0,,11667.0,0.0,,0.0,0.0,1182611,,,,,,,,,,,,,,,,,,
0.0,1.29,1.79,0.0,0.0,0.0,0.0,,21.43,62.0,732.0,125.0,0.0,1.79,3.57,1185920,,,,,,,,,,,,,,,,,,
3521.0,1.01,11.27,5.1,4.2,0.7,0.0,,2.82,0.0,549.0,197.0,0.0,1.41,23.94,1185921,,,,,,,,,,,,,,,,,,
0.0,0.16,0.0,0.5,0.0,0.0,88.0,,7.93,4.0,31.0,84.0,0.0,11.01,13.66,1185922,,,115.0,,,,,,,,,,,,,,,
154.0,0.28,5.38,0.0,2.3,1.54,115.0,,4.62,8.0,54.0,123.0,0.0,13.08,15.38,1185923,,,,,,,,,,,,,,,,,,
0.0,0.64,0.89,0.0,0.0,0.0,0.0,,19.64,45.0,821.0,107.0,0.0,1.79,1.79,1185924,,,,,,,,,,,,,,,,,,
1724.0,0.0,0.0,20.7,0.0,0.0,0.0,138.0,6.9,0.0,431.0,379.0,0.0,31.03,82.76,1185925,,,,,,1.0,5.17,,1.724,345.0,1.466,17.241,,,,,,
0.0,0.64,0.89,0.0,0.0,0.0,0.0,,19.64,45.0,821.0,107.0,0.0,1.79,1.79,1185926,,,,,,,,,,,,,,,,,,
,,0.0,,5.0,,,,0.0,,0.0,250.0,,60.0,65.0,1185928,,,,,,,,,,,,,,,,,,
0.0,3.38,50.0,0.0,12.5,3.12,250.0,,21.88,0.0,0.0,594.0,0.0,3.12,21.88,1185932,12.5,31.25,,,,,,,,,,,,,,,,
0.0,1.2,30.0,0.0,0.0,15.0,133.0,,3.33,0.0,400.0,300.0,0.0,0.0,3.33,1188377,,,,,,,,,,,,,,,,,,
0.0,1.67,18.6,0.0,2.3,16.28,47.0,,4.65,0.0,23.0,302.0,0.0,27.91,32.56,1191418,,,,,,,,,,,,,,,,,,
0.0,3.6,40.0,0.0,10.0,12.5,100.0,,10.0,0.0,238.0,525.0,0.0,30.0,45.0,1191758,,,,,,,,,,,,,,,,,,
2857.0,10.29,4.29,0.0,8.6,0.0,286.0,0.0,8.57,0.0,486.0,371.0,0.0,34.29,77.14,1194834,1.43,1.43,,,3.0,1.0,,,1.143,,0.971,11.429,,,91.0,286.0,,
0.0,0.57,7.94,0.0,0.0,1.59,159.0,,19.05,63.0,365.0,143.0,0.0,0.0,0.0,1196240,,,,,,,,,,,,,,,,,,
169.0,0.31,3.81,0.0,0.8,2.54,17.0,,1.69,13.0,508.0,68.0,0.0,0.85,7.63,1196392,,,,,,,,,,,,,,,,,,
0.0,4.5,7.5,0.0,10.0,0.0,0.0,,12.5,0.0,0.0,375.0,0.0,2.5,67.5,1196960,2.5,2.5,,5.0,5.0,,,,,,,,,,,,,
0.0,3.86,25.0,0.0,3.6,17.86,357.0,,3.57,0.0,250.0,500.0,0.0,53.57,64.29,1197131,,,,,,,,,,,,,,,,,,
,,0.0,,,,,,0.0,,38000.0,0.0,,0.0,0.0,1197132,,,,,,,,,,,,,,,,,,
0.0,0.0,0.0,0.0,0.0,0.0,0.0,,0.0,0.0,0.0,286.0,0.0,76.19,80.95,1197133,,,,,,,,,,,,,,,,,,
0.0,1.2,1.67,0.0,3.3,0.0,67.0,,13.33,0.0,500.0,400.0,0.0,3.33,80.0,1197367,,,,,,,,,,,,,,,,,,
0.0,1.44,0.0,4.8,6.4,0.0,32.0,,5.6,0.0,344.0,88.0,0.0,1.6,16.0,1197370,,,,,,,,,,,,,,,,,,
0.0,2.25,50.0,0.0,6.2,6.25,62.0,,21.88,0.0,438.0,594.0,0.0,3.12,21.88,1197371,15.62,25.0,656.0,,,,,,,,,,,,,,,
,,0.0,,,0.0,,,0.0,,0.0,0.0,,,0.0,1198397,,,,,,,,,,,,,,,,,,
,,10.0,,,,,,0.0,,1600.0,100.0,,0.0,0.0,1203254,,,,,,,,,,,,,,,,,,
,,0.0,,,,,,0.0,,800.0,100.0,,20.0,26.67,1203258,,,,,,,,,,,,,,,,,,
,,0.0,,,,,,0.0,,1200.0,100.0,,,20.0,1203272,,,,,,,,,,,,,,,,,,
,,0.0,,,,,,0.0,,0.0,0.0,,0.0,0.0,1203274,,,,,,,,,,,,,,,,,,
,,0.0,,,,,,0.0,,0.0,0.0,,,0.0,1203301,,,,,,,,,,,,,,,,,,
0.0,0.8,0.0,0.0,6.7,0.0,0.0,,13.33,0.0,11.0,333.0,0.0,4.44,62.22,1207355,,,,,,,,,,,,,,,,,,
0.0,0.0,17.86,0.0,0.0,0.0,0.0,,0.0,0.0,786.0,179.0,0.0,0.0,7.14,1207360,0.0,10.71,,,,,,,,,,,,,,,,
0.0,0.36,0.0,6.0,2.0,0.0,40.0,,3.0,0.0,240.0,35.0,0.0,2.0,6.0,1207368,,,,,,,,,,,,,,,,,,
357.0,1.29,0.0,0.0,7.1,0.0,0.0,,7.14,0.0,571.0,107.0,0.0,0.0,21.43,1207377,,,,,,,,,,,,,,,,,,
556.0,0.0,0.0,20.0,1.4,0.0,0.0,,0.0,0.0,194.0,139.0,0.0,33.33,38.89,1207383,,,,,,,,,,,,,,,,,,
0.0,4.29,0.0,2.9,2.4,0.0,48.0,,7.14,0.0,667.0,357.0,0.0,2.38,78.57,1207387,,,,,,,,,,,,,,,,,,
667.0,0.0,0.0,16.0,0.0,0.0,0.0,,0.0,0.0,600.0,17.0,0.0,3.33,6.67,1207400,,,,,,,,,,,,,,,,,,
23214.0,6.43,32.14,21.4,10.7,3.57,536.0,,21.43,0.0,786.0,536.0,0.0,14.29,39.29,1207402,,,,,,,,,,,,,,,,,,
0.0,0.0,13.33,0.0,6.7,3.33,0.0,,6.67,0.0,633.0,167.0,0.0,6.67,6.67,1207412,,,,,,,,,,,,,,,,,,
600.0,0.86,4.0,3.8,0.8,1.2,48.0,,1.6,4.0,360.0,72.0,0.0,7.2,8.8,1207418,,,,,,,,,,,,,,,,,,
,,0.0,,,,,,0.0,,1000.0,0.0,,,0.0,1207420,,,,,,,,,,,,,,,,,,
312.0,0.0,0.0,7.5,3.1,0.0,0.0,,0.0,0.0,62.0,31.0,0.0,6.25,9.38,1207427,,,,,,,,,,,,,,,,,,
,,10.42,,,5.21,,,10.42,52.0,3750.0,208.0,,10.42,31.25,1207475,,,,,,,,,,,,,,,,,,
0.0,0.59,5.74,0.0,0.0,1.64,33.0,,19.67,49.0,410.0,131.0,,0.0,0.0,1207511,,,,,,,,,,,,,,,,,,
0.0,2.7,0.0,0.0,5.0,0.0,50.0,,2.5,0.0,25.0,325.0,0.0,72.5,77.5,1209481,,,,,,,,,,,,,,,,,,
0.0,1.93,5.36,4.3,7.1,0.0,36.0,,8.93,0.0,429.0,250.0,0.0,0.0,42.86,1209489,,,,,,,,,,,,,,,,,,
0.0,3.6,50.0,0.0,10.0,3.33,200.0,,20.0,0.0,500.0,567.0,0.0,3.33,20.0,1209494,11.67,33.33,,,,,,,,,,,,,,,,
0.0,3.86,12.5,17.1,10.7,0.0,71.0,,14.29,0.0,607.0,429.0,0.0,3.57,67.86,1209557,,,,,,,,,,,,,,,,,,
0.0,0.9,0.0,0.0,12.5,0.0,0.0,,2.5,0.0,0.0,325.0,0.0,57.5,80.0,1209560,,,,,,,,,,,,,,,,,,
0.0,0.0,2.5,6.0,5.0,0.0,0.0,,0.0,0.0,0.0,325.0,0.0,70.0,80.0,1209564,,,,,,,,,,,,,,,,,,
0.0,2.57,5.36,4.3,1.8,0.0,36.0,,7.14,0.0,429.0,268.0,0.0,0.0,46.43,1209573,,,,,,,,,,,,,,,,,,
0.0,1.8,3.75,0.0,5.0,1.25,0.0,,0.0,0.0,50.0,300.0,0.0,40.0,67.5,1209587,,,,,,,,,,,,,,,,,,
0.0,1.8,25.0,0.0,12.5,22.5,0.0,,2.5,0.0,38.0,500.0,0.0,45.0,62.5,1209709,,,,,,,,,,,,,,,,,,
571.0,0.0,0.0,0.0,2.9,0.0,114.0,,2.86,0.0,114.0,343.0,0.0,65.71,85.71,1209787,,,,,,,,,,,,,,,,,,
0.0,4.8,6.67,0.0,6.7,0.0,0.0,,6.67,0.0,567.0,400.0,0.0,0.0,80.0,1209843,,,,,,,,,,,,,,,,,,
0.0,0.0,10.42,0.0,4.2,4.17,0.0,,4.17,0.0,146.0,417.0,0.0,29.17,75.0,1211491,,,,,,,,,,,,,,,,,,
0.0,3.86,14.29,0.0,0.0,7.14,71.0,,3.57,36.0,375.0,464.0,0.0,39.29,82.14,1211505,,,,,,,,,,,,,,,,,,
0.0,2.3,0.0,2.6,2.1,0.0,43.0,,6.38,0.0,532.0,362.0,0.0,48.94,82.98,1211949,,,,,,,,,,,,,,,,,,
0.0,3.2,15.56,0.0,2.2,6.67,222.0,,8.89,0.0,600.0,422.0,0.0,22.22,62.22,1211969,,,,,,,,,,,,,,,,,,
0.0,2.4,2.22,0.0,4.4,0.0,44.0,,13.33,0.0,0.0,378.0,0.0,4.44,75.56,1211976,,,,,,,,,,,,,,,,,,
0.0,2.4,40.0,0.0,26.7,3.33,133.0,,13.33,0.0,0.0,600.0,0.0,13.33,40.0,1212078,30.0,6.67,,,,,,,,,,,,,,,,
0.0,3.6,5.0,0.0,5.0,0.0,50.0,,10.0,0.0,1250.0,375.0,0.0,5.0,70.0,1212096,,,,,,,,,,,,,,,,,,
0.0,2.16,2.0,0.0,2.0,0.0,0.0,,4.0,0.0,820.0,380.0,0.0,50.0,86.0,1212099,,,,,,,,,,,,,,,,,,
,,0.0,,,,,,0.0,,0.0,375.0,,100.0,100.0,1212306,,,,,,,,,,,,,,,,,,
0.0,2.7,3.75,0.0,6.2,0.0,0.0,,10.0,0.0,225.0,375.0,0.0,32.5,75.0,1212368,1.25,1.25,,,2.0,,,,,,,,,,,,,
,,93.33,,,80.0,,,0.0,0.0,0.0,800.0,0.0,,0.0,1221333,3.33,6.67,,,,,,,,,,,,,,,,
1471.0,2.12,15.29,0.0,1.8,8.82,265.0,,11.76,118.0,429.0,271.0,0.29,3.53,22.35,1222875,,,,,,,,,,,,,,,,,,
0.0,2.7,50.0,0.0,12.5,25.0,150.0,,10.0,0.0,0.0,625.0,0.0,15.0,32.5,1273822,,,,,,,,,,,,,,,,,,
0.0,2.77,23.08,0.0,3.8,9.62,0.0,,3.85,0.0,250.0,500.0,0.0,42.31,69.23,1291934,,,,,,,,,,,,,,,,,,
0.0,0.56,12.5,7.5,3.1,3.12,0.0,,1.56,0.0,391.0,203.0,0.0,0.0,21.88,1291994,,,,,,,,,,,,,,,,,,
208.0,0.0,1.88,0.0,0.4,1.67,42.0,50.0,0.0,0.0,0.0,19.0,0.0,0.0,0.83,1292268,,,17.0,,,,1.25,2.0,,10.0,,,,0.25,17.0,,,
,,93.33,,,80.0,,,0.0,0.0,0.0,800.0,0.0,,0.0,1292269,3.33,6.67,,,,,,,,,,,,,,,,
0.0,0.0,0.0,1.5,,,8.0,,0.42,,6.0,54.0,,10.83,12.92,1296623,,,133.0,,,,,,,,,,,,,,,
0.0,0.0,0.0,0.0,,,0.0,,0.0,,0.0,0.0,,0.0,0.0,1296626,,,,,,,,,,,,,,,,,,
,,0.0,,,,,,0.0,,0.0,0.0,,,0.0,1296628,,,,,,,,,,,,,,,,,,
208.0,0.15,1.04,0.0,0.0,0.0,125.0,42.0,0.42,0.0,44.0,54.0,0.0,5.0,10.83,1296630,0.21,0.62,,,,,0.62,,,,,,,,,62.0,,
,,93.33,,,13.33,,,0.0,,0.0,867.0,0.0,,0.0,1296631,6.67,73.33,,,,,,,,,,,,,,,,
208.0,0.3,1.04,0.0,0.0,0.0,125.0,42.0,0.42,0.0,42.0,50.0,0.0,4.17,9.58,1296633,0.21,0.62,8.0,,,,0.62,,,,,,,,,62.0,,
208.0,0.15,1.04,0.0,0.0,0.0,125.0,42.0,0.42,0.0,44.0,54.0,0.0,5.0,10.83,1296634,0.21,0.62,,,,,0.62,,,,,,,,,62.0,,
42.0,0.15,0.0,3.8,,,8.0,,0.42,,6.0,54.0,,12.5,12.5,1296636,,,75.0,,,,,,,,,,,,,,,
0.0,0.15,0.0,1.0,,,8.0,,0.42,,0.0,50.0,,10.42,12.5,1296638,,,83.0,,,,,,,,,,,,,,,
,,0.0,30.0,,,10.0,,0.0,,2.0,25.0,,5.5,6.0,1296649,,,,,,,,,,,,,,,,,,
0.0,0.9,20.0,0.0,0.0,18.75,0.0,,2.5,0.0,31.0,212.0,0.0,2.5,5.0,1297631,,,,,,,,,,,,,,,,,,
312.0,0.15,1.46,2.0,0.4,0.83,8.0,,0.83,6.0,58.0,38.0,0.0,3.33,6.25,1297643,,,300.0,,,,,,,,,,,,,,,
2500.0,0.3,0.42,0.0,0.4,0.0,8.0,,0.83,0.0,171.0,54.0,0.0,2.92,11.67,1297650,,,,,,,,,,,,,,,,,,
83.0,0.3,0.83,3.8,0.8,0.0,8.0,,1.25,0.0,246.0,46.0,0.0,4.58,9.58,1297652,,,,,,,,,,,,,,,,,,
0.0,0.0,10.0,0.0,0.0,0.0,0.0,,0.0,0.0,0.0,100.0,0.0,6.67,6.67,1298288,,,,,,,,,,,,,,,,,,
333.0,0.0,10.0,0.0,0.0,6.67,133.0,,3.33,50.0,50.0,133.0,0.0,3.33,6.67,1298296,,,,,,,,,,,,,,,,,,
,,0.0,,,,,,0.0,,17.0,75.0,,20.0,20.0,1298360,,,,,,,,,,,,,,,,,,
,,0.0,2.5,,,,,0.0,,15.0,17.0,,4.17,4.17,1298846,,,19.0,,,,,,,,,,,,,,,
0.0,3.6,13.33,0.0,6.7,0.0,0.0,,10.0,0.0,500.0,433.0,0.0,13.33,66.67,1333641,1.67,10.0,,,,,,,,,,,,,,,,
0.0,0.0,23.33,0.0,0.0,0.0,0.0,,0.0,0.0,700.0,233.0,0.0,0.0,6.67,1333642,6.67,13.33,,,,,,,,,,,,,,,,
8000.0,7.2,40.0,240.0,20.0,0.0,0.0,,20.0,0.0,1200.0,600.0,0.0,0.0,20.0,1350697,,,,,,,,,,,,,,,,,,
,,10.71,8.6,,,,,0.0,,1643.0,107.0,,,0.0,1354453,,,,,,,,,,,,,,,,,,
,,0.0,,,,,,0.0,,432.0,34.0,,0.85,8.47,1357434,,,,,,,,,,,,,,,,,,
0.0,1.96,5.45,0.0,9.1,0.0,36.0,,7.27,0.0,136.0,382.0,0.0,27.27,80.0,1462972,,,,,,,,,,,,,,,,,,
0.0,0.0,0.0,225.0,6.2,0.0,0.0,,0.0,0.0,0.0,125.0,0.0,25.0,31.25,1463053,,,,,,,,,,,,,,,,,,
0.0,2.62,3.64,8.7,7.3,0.0,36.0,,7.27,0.0,200.0,382.0,0.0,18.18,83.64,1463317,,,,,,,,,,,,,,,,,,
0.0,1.29,25.0,21.4,3.6,1.79,0.0,,7.14,0.0,429.0,500.0,0.0,0.0,64.29,1463345,,,1679.0,,,,,,,,,,,,,,,
12500.0,18.0,8.33,80.0,16.7,0.0,333.0,,0.0,0.0,8667.0,250.0,0.0,16.67,50.0,1463497,,,,,,,,,,,,,,,,,,
0.0,3.6,50.0,0.0,13.3,3.33,267.0,,23.33,0.0,383.0,567.0,0.0,3.33,16.67,1463903,,,,,,,,,,,,,,,,,,
,,0.0,,0.0,,,,0.0,,0.0,0.0,,0.0,0.0,1464915,,,,,,,,,,,,,,,,,,
0.0,2.4,13.33,4.0,6.7,1.67,67.0,,10.0,0.0,267.0,233.0,0.0,3.33,20.0,1465600,,,,,,,,,,,,,,,,,,
395.0,8.29,1.97,1.6,1.3,0.0,53.0,,26.32,0.0,434.0,145.0,0.0,1.32,3.95,1465855,,,,,,,,,,,,,,,,,,
357.0,1.29,28.57,0.0,10.7,1.79,0.0,,7.14,0.0,429.0,500.0,0.0,0.0,53.57,1465917,3.57,17.86,,,,,,,,,,,,,,,,
0.0,5.54,38.46,0.0,15.4,23.08,0.0,,7.69,0.0,77.0,615.0,0.0,30.77,53.85,1466146,,,,,,,,,,,,,,,,,,
,,0.0,,,,,,0.0,,11667.0,0.0,,0.0,0.0,1474646,,,,,,,,,,,,,,,,,,
0.0,1.29,1.79,0.0,0.0,0.0,0.0,,21.43,62.0,732.0,125.0,0.0,1.79,3.57,1477956,,,,,,,,,,,,,,,,,,
3521.0,1.01,11.27,5.1,4.2,0.7,0.0,,2.82,0.0,549.0,197.0,0.0,1.41,23.94,1477957,,,,,,,,,,,,,,,,,,
0.0,0.16,0.0,0.5,0.0,0.0,88.0,,7.93,4.0,31.0,84.0,0.0,11.01,13.66,1477958,,,115.0,,,,,,,,,,,,,,,
154.0,0.28,5.38,0.0,2.3,1.54,115.0,,4.62,8.0,54.0,123.0,0.0,13.08,15.38,1477959,,,,,,,,,,,,,,,,,,
0.0,0.64,0.89,0.0,0.0,0.0,0.0,,19.64,45.0,821.0,107.0,0.0,1.79,1.79,1477960,,,,,,,,,,,,,,,,,,
1724.0,0.0,0.0,20.7,0.0,0.0,0.0,138.0,6.9,0.0,431.0,379.0,0.0,31.03,82.76,1477961,,,,,,1.0,5.17,,1.724,345.0,1.466,17.241,,,,,,
0.0,0.64,0.89,0.0,0.0,0.0,0.0,,19.64,45.0,821.0,107.0,0.0,1.79,1.79,1477962,,,,,,,,,,,,,,,,,,
,,0.0,,5.0,,,,0.0,,0.0,250.0,,60.0,65.0,1477964,,,,,,,,,,,,,,,,,,
0.0,3.38,50.0,0.0,12.5,3.12,250.0,,21.88,0.0,0.0,594.0,0.0,3.12,21.88,1477968,12.5,31.25,,,,,,,,,,,,,,,,
0.0,1.2,30.0,0.0,0.0,15.0,133.0,,3.33,0.0,400.0,300.0,0.0,0.0,3.33,1480417,,,,,,,,,,,,,,,,,,
0.0,1.67,18.6,0.0,2.3,16.28,47.0,,4.65,0.0,23.0,302.0,0.0,27.91,32.56,1483458,,,,,,,,,,,,,,,,,,
0.0,3.6,40.0,0.0,10.0,12.5,100.0,,10.0,0.0,238.0,525.0,0.0,30.0,45.0,1483798,,,,,,,,,,,,,,,,,,
2857.0,10.29,4.29,0.0,8.6,0.0,286.0,0.0,8.57,0.0,486.0,371.0,0.0,34.29,77.14,1486875,1.43,1.43,,,3.0,1.0,,,1.143,,0.971,11.429,,,91.0,286.0,,
0.0,0.57,7.94,0.0,0.0,1.59,159.0,,19.05,63.0,365.0,143.0,0.0,0.0,0.0,1488282,,,,,,,,,,,,,,,,,,
169.0,0.31,3.81,0.0,0.8,2.54,17.0,,1.69,13.0,508.0,68.0,0.0,0.85,7.63,1488434,,,,,,,,,,,,,,,,,,
0.0,4.5,7.5,0.0,10.0,0.0,0.0,,12.5,0.0,0.0,375.0,0.0,2.5,67.5,1489002,2.5,2.5,,5.0,5.0,,,,,,,,,,,,,
0.0,3.86,25.0,0.0,3.6,17.86,357.0,,3.57,0.0,250.0,500.0,0.0,53.57,64.29,1489173,,,,,,,,,,,,,,,,,,
,,0.0,,,,,,0.0,,38000.0,0.0,,0.0,0.0,1489174,,,,,,,,,,,,,,,,,,
0.0,0.0,0.0,0.0,0.0,0.0,0.0,,0.0,0.0,0.0,286.0,0.0,76.19,80.95,1489175,,,,,,,,,,,,,,,,,,
0.0,1.2,1.67,0.0,3.3,0.0,67.0,,13.33,0.0,500.0,400.0,0.0,3.33,80.0,1489409,,,,,,,,,,,,,,,,,,
0.0,1.44,0.0,4.8,6.4,0.0,32.0,,5.6,0.0,344.0,88.0,0.0,1.6,16.0,1489412,,,,,,,,,,,,,,,,,,
0.0,2.25,50.0,0.0,6.2,6.25,62.0,,21.88,0.0,438.0,594.0,0.0,3.12,21.88,1489413,15.62,25.0,656.0,,,,,,,,,,,,,,,
,,0.0,,,0.0,,,0.0,,0.0,0.0,,,0.0,1490444,,,,,,,,,,,,,,,,,,
556.0,0.0,19.44,0.0,0.0,11.11,111.0,,5.56,56.0,250.0,389.0,0.0,38.89,50.0,1490445,,,,,,,,,,,,,,,,,,
,,10.0,,,,,,0.0,,1600.0,100.0,,0.0,0.0,1495302,,,,,,,,,,,,,,,,,,
,,0.0,,,,,,0.0,,800.0,100.0,,20.0,26.67,1495306,,,,,,,,,,,,,,,,,,
,,0.0,,,,,,0.0,,1200.0,100.0,,,20.0,1495320,,,,,,,,,,,,,,,,,,
,,0.0,,,,,,0.0,,0.0,0.0,,0.0,0.0,1495322,,,,,,,,,,,,,,,,,,
,,0.0,,,,,,0.0,,0.0,0.0,,,0.0,1495349,,,,,,,,,,,,,,,,,,
0.0,0.8,0.0,0.0,6.7,0.0,0.0,,13.33,0.0,11.0,333.0,0.0,4.44,62.22,1499411,,,,,,,,,,,,,,,,,,
0.0,0.0,17.86,0.0,0.0,0.0,0.0,,0.0,0.0,786.0,179.0,0.0,0.0,7.14,1499416,0.0,10.71,,,,,,,,,,,,,,,,
0.0,0.36,0.0,6.0,2.0,0.0,40.0,,3.0,0.0,240.0,35.0,0.0,2.0,6.0,1499424,,,,,,,,,,,,,,,,,,
357.0,1.29,0.0,0.0,7.1,0.0,0.0,,7.14,0.0,571.0,107.0,0.0,0.0,21.43,1499433,,,,,,,,,,,,,,,,,,
556.0,0.0,0.0,20.0,1.4,0.0,0.0,,0.0,0.0,194.0,139.0,0.0,33.33,38.89,1499439,,,,,,,,,,,,,,,,,,
0.0,4.29,0.0,2.9,2.4,0.0,48.0,,7.14,0.0,667.0,357.0,0.0,2.38,78.57,1499443,,,,,,,,,,,,,,,,,,
667.0,0.0,0.0,16.0,0.0,0.0,0.0,,0.0,0.0,600.0,17.0,0.0,3.33,6.67,1499456,,,,,,,,,,,,,,,,,,
23214.0,6.43,32.14,21.4,10.7,3.57,536.0,,21.43,0.0,786.0,536.0,0.0,14.29,39.29,1499458,,,,,,,,,,,,,,,,,,
0.0,0.0,13.33,0.0,6.7,3.33,0.0,,6.67,0.0,633.0,167.0,0.0,6.67,6.67,1499468,,,,,,,,,,,,,,,,,,
600.0,0.86,4.0,3.8,0.8,1.2,48.0,,1.6,4.0,360.0,72.0,0.0,7.2,8.8,1499474,,,,,,,,,,,,,,,,,,
,,0.0,,,,,,0.0,,1000.0,0.0,,,0.0,1499476,,,,,,,,,,,,,,,,,,
312.0,0.0,0.0,7.5,3.1,0.0,0.0,,0.0,0.0,62.0,31.0,0.0,6.25,9.38,1499483,,,,,,,,,,,,,,,,,,
,,10.42,,,5.21,,,10.42,52.0,3750.0,208.0,,10.42,31.25,1499531,,,,,,,,,,,,,,,,,,
0.0,0.59,5.74,0.0,0.0,1.64,33.0,,19.67,49.0,410.0,131.0,,0.0,0.0,1499567,,,,,,,,,,,,,,,,,,
0.0,1.1,0.41,19.6,2.4,0.0,16.0,,3.67,0.0,269.0,65.0,0.0,1.22,11.84,1499574,,,,,,,,,,,,,,,,,,
0.0,2.7,0.0,0.0,5.0,0.0,50.0,,2.5,0.0,25.0,325.0,0.0,72.5,77.5,1501537,,,,,,,,,,,,,,,,,,
0.0,1.93,5.36,4.3,7.1,0.0,36.0,,8.93,0.0,429.0,250.0,0.0,0.0,42.86,1501545,,,,,,,,,,,,,,,,,,
0.0,3.6,50.0,0.0,10.0,3.33,200.0,,20.0,0.0,500.0,567.0,0.0,3.33,20.0,1501550,11.67,33.33,,,,,,,,,,,,,,,,
0.0,3.86,12.5,17.1,10.7,0.0,71.0,,14.29,0.0,607.0,429.0,0.0,3.57,67.86,1501613,,,,,,,,,,,,,,,,,,
0.0,0.9,0.0,0.0,12.5,0.0,0.0,,2.5,0.0,0.0,325.0,0.0,57.5,80.0,1501616,,,,,,,,,,,,,,,,,,
0.0,0.0,2.5,6.0,5.0,0.0,0.0,,0.0,0.0,0.0,325.0,0.0,70.0,80.0,1501620,,,,,,,,,,,,,,,,,,
0.0,2.57,5.36,4.3,1.8,0.0,36.0,,7.14,0.0,429.0,268.0,0.0,0.0,46.43,1501629,,,,,,,,,,,,,,,,,,
0.0,1.8,3.75,0.0,5.0,1.25,0.0,,0.0,0.0,50.0,300.0,0.0,40.0,67.5,1501643,,,,,,,,,,,,,,,,,,
0.0,1.8,25.0,0.0,12.5,22.5,0.0,,2.5,0.0,38.0,500.0,0.0,45.0,62.5,1501765,,,,,,,,,,,,,,,,,,
571.0,0.0,0.0,0.0,2.9,0.0,114.0,,2.86,0.0,114.0,343.0,0.0,65.71,85.71,1501843,,,,,,,,,,,,,,,,,,
0.0,4.8,6.67,0.0,6.7,0.0,0.0,,6.67,0.0,567.0,400.0,0.0,0.0,80.0,1501899,,,,,,,,,,,,,,,,,,
0.0,0.0,10.42,0.0,4.2,4.17,0.0,,4.17,0.0,146.0,417.0,0.0,29.17,75.0,1503546,,,,,,,,,,,,,,,,,,
0.0,3.86,14.29,0.0,0.0,7.14,71.0,,3.57,36.0,375.0,464.0,0.0,39.29,82.14,1503560,,,,,,,,,,,,,,,,,,
0.0,2.3,0.0,2.6,2.1,0.0,43.0,,6.38,0.0,532.0,362.0,0.0,48.94,82.98,1504004,,,,,,,,,,,,,,,,,,
0.0,3.2,15.56,0.0,2.2,6.67,222.0,,8.89,0.0,600.0,422.0,0.0,22.22,62.22,1504024,,,,,,,,,,,,,,,,,,
0.0,2.4,2.22,0.0,4.4,0.0,44.0,,13.33,0.0,0.0,378.0,0.0,4.44,75.56,1504031,,,,,,,,,,,,,,,,,,
0.0,2.4,40.0,0.0,26.7,3.33,133.0,,13.33,0.0,0.0,600.0,0.0,13.33,40.0,1504133,30.0,6.67,,,,,,,,,,,,,,,,
0.0,3.6,5.0,0.0,5.0,0.0,50.0,,10.0,0.0,1250.0,375.0,0.0,5.0,70.0,1504151,,,,,,,,,,,,,,,,,,
0.0,2.16,2.0,0.0,2.0,0.0,0.0,,4.0,0.0,820.0,380.0,0.0,50.0,86.0,1504154,,,,,,,,,,,,,,,,,,
0.0,4.8,16.67,0.0,13.3,1.67,200.0,,13.33,0.0,0.0,433.0,0.0,0.0,56.67,1504242,13.33,1.67,283.0,10.0,3.0,0.0,,,0.267,,,5.333,0.533,2.0,267.0,500.0,0.0,
,,0.0,,,,,,0.0,,0.0,375.0,,100.0,100.0,1504361,,,,,,,,,,,,,,,,,,
0.0,2.7,3.75,0.0,6.2,0.0,0.0,,10.0,0.0,225.0,375.0,0.0,32.5,75.0,1504423,1.25,1.25,,,2.0,,,,,,,,,,,,,
,,93.33,,,80.0,,,0.0,0.0,0.0,800.0,0.0,,0.0,1513392,3.33,6.67,,,,,,,,,,,,,,,,
1471.0,2.12,15.29,0.0,1.8,8.82,265.0,,11.76,118.0,429.0,271.0,0.29,3.53,22.35,1514934,,,,,,,,,,,,,,,,,,
0.0,2.7,50.0,0.0,12.5,25.0,150.0,,10.0,0.0,0.0,625.0,0.0,15.0,32.5,1565911,,,,,,,,,,,,,,,,,,
0.0,2.77,23.08,0.0,3.8,9.62,0.0,,3.85,0.0,250.0,500.0,0.0,42.31,69.23,1584041,,,,,,,,,,,,,,,,,,
0.0,0.56,12.5,7.5,3.1,3.12,0.0,,1.56,0.0,391.0,203.0,0.0,0.0,21.88,1584101,,,,,,,,,,,,,,,,,,
208.0,0.0,1.88,0.0,0.4,1.67,42.0,50.0,0.0,0.0,0.0,19.0,0.0,0.0,0.83,1584375,,,17.0,,,,1.25,2.0,,10.0,,,,0.25,17.0,,,
,,93.33,,,80.0,,,0.0,0.0,0.0,800.0,0.0,,0.0,1584376,3.33,6.67,,,,,,,,,,,,,,,,
0.0,0.0,0.0,1.5,,,8.0,,0.42,,6.0,54.0,,10.83,12.92,1588732,,,133.0,,,,,,,,,,,,,,,
0.0,0.0,0.0,0.0,,,0.0,,0.0,,0.0,0.0,,0.0,0.0,1588735,,,,,,,,,,,,,,,,,,
,,0.0,,,,,,0.0,,0.0,0.0,,,0.0,1588737,,,,,,,,,,,,,,,,,,
208.0,0.15,1.04,0.0,0.0,0.0,125.0,42.0,0.42,0.0,44.0,54.0,0.0,5.0,10.83,1588739,0.21,0.62,,,,,0.62,,,,,,,,,62.0,,
,,93.33,,,13.33,,,0.0,,0.0,867.0,0.0,,0.0,1588740,6.67,73.33,,,,,,,,,,,,,,,,
208.0,0.3,1.04,0.0,0.0,0.0,125.0,42.0,0.42,0.0,42.0,50.0,0.0,4.17,9.58,1588742,0.21,0.62,8.0,,,,0.62,,,,,,,,,62.0,,
208.0,0.15,1.04,0.0,0.0,0.0,125.0,42.0,0.42,0.0,44.0,54.0,0.0,5.0,10.83,1588743,0.21,0.62,,,,,0.62,,,,,,,,,62.0,,
42.0,0.15,0.0,3.8,,,8.0,,0.42,,6.0,54.0,,12.5,12.5,1588745,,,75.0,,,,,,,,,,,,,,,
0.0,0.15,0.0,1.0,,,8.0,,0.42,,0.0,50.0,,10.42,12.5,1588747,,,83.0,,,,,,,,,,,,,,,
,,0.0,30.0,,,10.0,,0.0,,2.0,25.0,,5.5,6.0,1588758,,,,,,,,,,,,,,,,,,
0.0,0.9,20.0,0.0,0.0,18.75,0.0,,2.5,0.0,31.0,212.0,0.0,2.5,5.0,1589740,,,,,,,,,,,,,,,,,,
312.0,0.15,1.46,2.0,0.4,0.83,8.0,,0.83,6.0,58.0,38.0,0.0,3.33,6.25,1589752,,,300.0,,,,,,,,,,,,,,,
2500.0,0.3,0.42,0.0,0.4,0.0,8.0,,0.83,0.0,171.0,54.0,0.0,2.92,11.67,1589759,,,,,,,,,,,,,,,,,,
83.0,0.3,0.83,3.8,0.8,0.0,8.0,,1.25,0.0,246.0,46.0,0.0,4.58,9.58,1589761,,,,,,,,,,,,,,,,,,
0.0,0.0,10.0,0.0,0.0,0.0,0.0,,0.0,0.0,0.0,100.0,0.0,6.67,6.67,1590396,,,,,,,,,,,,,,,,,,
333.0,0.0,10.0,0.0,0.0,6.67,133.0,,3.33,50.0,50.0,133.0,0.0,3.33,6.67,1590404,,,,,,,,,,,,,,,,,,
,,0.0,,,,,,0.0,,17.0,75.0,,20.0,20.0,1590468,,,,,,,,,,,,,,,,,,
,,0.0,2.5,,,,,0.0,,15.0,17.0,,4.17,4.17,1590954,,,19.0,,,,,,,,,,,,,,,
0.0,3.6,13.33,0.0,6.7,0.0,0.0,,10.0,0.0,500.0,433.0,0.0,13.33,66.67,1625791,1.67,10.0,,,,,,,,,,,,,,,,
0.0,0.0,23.33,0.0,0.0,0.0,0.0,,0.0,0.0,700.0,233.0,0.0,0.0,6.67,1625792,6.67,13.33,,,,,,,,,,,,,,,,
8000.0,7.2,40.0,240.0,20.0,0.0,0.0,,20.0,0.0,1200.0,600.0,0.0,0.0,20.0,1642874,,,,,,,,,,,,,,,,,,
,,10.71,8.6,,,,,0.0,,1643.0,107.0,,,0.0,1646634,,,,,,,,,,,,,,,,,,
,,0.0,,,,,,0.0,,432.0,34.0,,0.85,8.47,1649622,,,,,,,,,,,,,,,,,,
,,0.0,,,,,,0.0,,3.0,39.0,,9.86,10.14,1677585,,,,,,,,,,,,,,,,,,
0.0,1.96,5.45,0.0,9.1,0.0,36.0,,7.27,0.0,136.0,382.0,0.0,27.27,80.0,1759239,,,,,,,,,,,,,,,,,,
265.0,0.0,0.0,0.0,0.0,0.0,88.0,71.0,11.5,4.0,363.0,62.0,0.0,3.54,4.42,1759259,,,,,,,,,,,,,,,,,,
,,0.0,,,0.0,,,0.0,,0.0,375.0,,100.0,100.0,1759318,,,,,,,,,,,,,,,,,,
,,0.0,,,0.0,,,0.0,0.0,0.0,0.0,0.0,,0.0,1759321,,,,,,,,,,,,,,,,,,
0.0,1.2,15.0,4.0,6.7,0.0,67.0,,6.67,0.0,533.0,233.0,0.0,0.0,16.67,1759322,,,,,,,,,,,,,,,,,,
0.0,6.43,3.57,0.0,10.7,0.0,143.0,,17.86,0.0,464.0,214.0,0.0,0.0,25.0,1759323,,,,,,,,,,,,,,,,,,
357.0,2.57,0.89,2.1,3.6,0.0,36.0,,12.5,0.0,27.0,357.0,0.0,1.79,73.21,1759345,,,,,,,,,,,,,,,,,,
0.0,2.4,3.33,0.0,3.3,0.0,67.0,,10.0,0.0,567.0,400.0,0.0,3.33,83.33,1759460,,,,,,,,,,,,,,,,,,
0.0,3.21,2.68,0.0,8.9,0.0,36.0,,12.5,0.0,0.0,375.0,0.0,3.57,73.21,1759813,,,,,,,,,,,,,,,,,,
0.0,1.29,32.14,21.4,3.6,3.57,0.0,,7.14,0.0,375.0,536.0,0.0,0.0,57.14,1759872,3.57,25.0,1536.0,,,,,,,,,,,,,,,
357.0,3.86,28.57,0.0,14.3,3.57,143.0,,21.43,0.0,179.0,464.0,0.0,0.0,46.43,1759951,12.5,12.5,,11.0,4.0,,,,,,,,,,,,,
595.0,1.71,7.14,0.0,3.6,0.6,24.0,,5.95,0.0,417.0,202.0,0.0,2.38,26.19,1759956,,,,,,,,,,,,,,,,,,
0.0,2.25,50.0,0.0,9.4,6.25,62.0,,25.0,0.0,16.0,594.0,0.0,3.12,21.88,1759978,12.5,21.88,,,,,,,,,,,,,,,,
0.0,0.0,0.0,0.0,5.3,0.0,35.0,,3.51,0.0,316.0,211.0,0.0,0.0,49.12,1760125,,,,,,,,,,,,,,,,,,
714.0,0.0,17.86,0.0,0.0,12.5,357.0,,17.86,71.0,929.0,250.0,0.0,0.0,3.57,1760379,,,,,,,,,,,,,,,,,,
0.0,1.26,3.51,10.5,8.8,0.0,35.0,,10.53,0.0,509.0,281.0,0.0,7.02,52.63,1760588,,,,,,,,,,,,,,,,,,
0.0,3.0,5.0,0.0,1.7,0.83,333.0,,8.33,8.0,867.0,350.0,0.0,6.67,70.0,1762112,,,,,,,,,,,,,,,,,,
82.0,1.48,0.41,0.0,4.9,0.0,33.0,,4.92,0.0,303.0,82.0,0.0,0.82,15.57,1762588,,,,,,,,,,,,,,,,,,
,,0.0,,,,67.0,,8.0,3.0,27.0,80.0,,10.0,11.33,1762786,,,100.0,,,,,,,,,,,,,,,
59.0,0.42,1.47,3.5,0.0,0.88,147.0,,3.53,9.0,47.0,88.0,0.0,11.76,14.71,1762788,,,153.0,,,,,,,,,,,,,,,
59.0,0.21,1.47,0.0,0.0,0.88,147.0,,3.53,9.0,50.0,82.0,0.0,11.76,14.12,1762789,,,147.0,,,,,,,,,,,,,,,
1786.0,1.29,21.43,0.0,3.6,12.5,71.0,,3.57,36.0,214.0,429.0,0.0,25.0,57.14,1762790,,,,,,,,,,,,,,,,,,
0.0,4.29,50.0,0.0,9.5,4.76,95.0,,16.67,0.0,95.0,571.0,0.0,14.29,26.19,1762791,14.29,26.19,,,,,,,,,,,,,,,,
0.0,3.38,53.12,0.0,9.4,4.69,250.0,,21.88,0.0,0.0,594.0,0.0,6.25,21.88,1762792,12.5,31.25,,,,,,,,,,,,,,,,
0.0,3.86,1.79,0.0,0.0,0.0,0.0,,39.29,36.0,1000.0,214.0,0.0,17.86,21.43,1762793,,,,,,,,,,,,,,,,,,
400.0,3.6,0.0,4.8,10.0,0.0,0.0,,8.0,0.0,110.0,320.0,0.0,16.0,78.0,1762795,,,,8.0,2.0,,,,,,,,,,,,,
0.0,1.38,0.0,0.0,7.7,0.0,77.0,,6.15,0.0,200.0,92.0,0.0,0.77,16.15,1764051,,,,,,,,,,,,,,,,,,
0.0,2.57,35.71,0.0,14.3,35.71,0.0,,3.57,0.0,464.0,571.0,0.0,32.14,53.57,1764052,,,,,,,,,,,,,,,,,,
0.0,6.43,30.95,0.0,7.1,19.05,48.0,,7.14,0.0,0.0,524.0,0.0,40.48,52.38,1764053,,,,,,,,,,,,,,,,,,
0.0,3.86,3.57,0.0,3.6,0.0,0.0,,10.71,0.0,643.0,393.0,0.0,3.57,82.14,1764054,,,,,,,,,,,,,,,,,,
0.0,4.29,5.95,0.0,7.1,0.0,48.0,,14.29,0.0,0.0,381.0,0.0,7.14,71.43,1764122,,,,,,,,,,,,,,,,,,
0.0,2.4,0.0,0.0,6.7,0.0,0.0,,6.67,0.0,667.0,367.0,0.0,3.33,86.67,1764127,,,,,,,,,,,,,,,,,,
202.0,1.09,1.82,1.0,2.8,0.61,0.0,,7.69,14.0,324.0,97.0,0.0,2.43,12.15,1765210,,,,,,,,,,,,,,,,,,
0.0,1.36,9.43,0.0,15.1,0.0,75.0,,18.87,0.0,236.0,358.0,0.0,22.64,62.26,1765260,2.83,5.66,,6.0,9.0,,,,,,,,0.075,0.57,75.0,189.0,1.0,
0.0,3.38,53.12,0.0,9.4,4.69,250.0,,21.88,0.0,0.0,594.0,0.0,6.25,21.88,1765264,12.5,31.25,,,,,,,,,,,,,,,,
0.0,1.11,0.0,0.0,4.6,0.0,31.0,,5.38,0.0,108.0,85.0,0.0,1.54,15.38,1765265,,,,,,,,,,,,,,,,,,
0.0,0.0,18.75,0.0,6.2,0.0,0.0,,6.25,0.0,1000.0,281.0,0.0,12.5,18.75,1765266,,,,,,,,,,,,,,,,,,
3571.0,1.29,8.93,12.9,3.6,0.0,71.0,,3.57,18.0,536.0,107.0,0.0,3.57,7.14,1765978,,,,,,,,,,,,,,,,,,
0.0,1.03,0.0,3.4,1.4,0.0,0.0,,0.0,0.0,1171.0,171.0,0.0,37.14,40.0,1766714,,,,,,,,,,,,,,,,,,
0.0,0.0,20.0,0.0,0.0,0.0,0.0,,0.0,0.0,1100.0,200.0,0.0,0.0,0.0,1766715,,,,,,,,,,,,,,,,,,
,,0.0,,,,,,0.0,,1000.0,0.0,,0.0,0.0,1766716,,,,,,,,,,,,,,,,,,
,,0.0,7.1,2.9,,,,0.0,,559.0,147.0,,35.29,35.29,1766724,,,,,,,,,,,,,,,,,,
588.0,1.06,0.0,14.1,0.0,0.0,0.0,,0.0,0.0,618.0,132.0,0.0,29.41,32.35,1766727,,,,,,,,,,,,,,,,,,
,,10.0,,,,,,0.0,,2300.0,100.0,,0.0,0.0,1766728,,,,,,,,,,,,,,,,,,
0.0,1.0,0.0,3.3,0.0,0.0,56.0,,0.0,0.0,1167.0,167.0,0.0,36.11,38.89,1766729,,,,,,,,,,,,,,,,,,
0.0,0.0,0.0,0.0,0.0,0.0,0.0,,0.0,0.0,0.0,333.0,0.0,80.95,80.95,1766731,,,,,,,,,,,,,,,,,,
294.0,0.0,0.0,7.1,2.9,0.0,0.0,,2.94,0.0,250.0,132.0,0.0,17.65,29.41,1767376,,,,,,,,,,,,,,,,,,
2500.0,0.0,0.0,375.0,0.0,0.0,0.0,,0.0,0.0,2000.0,125.0,0.0,25.0,25.0,1767378,,,,,,,,,,,,,,,,,,
0.0,1.29,12.5,0.0,3.6,0.0,0.0,,7.14,0.0,679.0,214.0,0.0,3.57,17.86,1767379,,,,,,,,,,,,,,,,,,
0.0,7.2,0.0,0.0,28.0,0.0,0.0,,24.0,0.0,40.0,340.0,0.0,4.0,60.0,1767381,,,,22.0,6.0,,,,,,,,,,,,,
0.0,5.14,16.07,0.0,17.9,0.0,214.0,0.0,17.86,0.0,375.0,464.0,0.0,3.57,57.14,1767382,,,1036.0,,,0.0,0.0,,0.286,,0.121,1.429,0.714,2.14,143.0,286.0,,
0.0,2.4,13.33,0.0,6.7,6.67,0.0,,6.67,0.0,3267.0,267.0,0.0,26.67,33.33,1767383,,,,,,,,,,,,,,,,,,
167.0,1.2,11.67,6.0,1.7,4.17,33.0,,1.67,0.0,1367.0,167.0,0.0,8.33,15.0,1767385,,,,,,,,,,,,,,,,,,
22000.0,5.76,28.0,28.8,8.0,4.0,400.0,,16.0,0.0,720.0,480.0,0.0,8.0,48.0,1767390,,,,,,,,,,,,,,,,,,
0.0,0.0,0.56,0.0,1.1,0.0,0.0,,0.0,0.0,191.0,45.0,0.0,7.87,8.99,1767394,,,,,,,,,,,,,,,,,,
1613.0,0.0,0.0,0.0,3.2,0.0,0.0,,0.0,0.0,613.0,48.0,0.0,3.23,12.9,1767398,,,,,,,,,,,,,,,,,,
0.0,0.0,3.33,0.0,0.0,0.0,0.0,,0.0,0.0,2133.0,167.0,0.0,26.67,33.33,1767401,,,,,,,,,,,,,,,,,,
0.0,0.0,21.43,0.0,3.6,14.29,0.0,,14.29,71.0,429.0,357.0,0.0,0.0,42.86,1767403,,,,,,,,,,,,,,,,,,
282.0,1.9,3.52,2.5,3.5,2.11,42.0,,4.23,4.0,320.0,92.0,0.0,2.11,9.86,1767404,,,,,,,,,,,,,,,,,,
0.0,1.2,0.0,16.0,0.0,0.0,0.0,,0.0,0.0,300.0,50.0,0.0,13.33,13.33,1767405,,,,,,,,,,,,,,,,,,
0.0,2.18,18.18,0.0,6.1,12.12,0.0,,3.03,0.0,0.0,424.0,0.0,51.52,63.64,1767406,,,,,,,,,,,,,,,,,,
0.0,0.0,5.69,3.4,1.4,1.42,57.0,,5.69,0.0,1991.0,398.0,0.0,5.69,71.12,1767408,,,,,,,,,,,,,,,,,,
0.0,12.0,10.0,0.0,0.0,0.0,0.0,,0.0,0.0,733.0,133.0,0.0,0.0,6.67,1767414,,,,,,,,,,,,,,,,,,
0.0,0.0,13.33,0.0,0.0,6.67,0.0,,6.67,33.0,500.0,300.0,0.0,33.33,33.33,1767415,,,,,,,,,,,,,,,,,,
0.0,0.0,0.0,0.0,0.0,0.0,0.0,,0.0,0.0,5250.0,250.0,0.0,0.0,50.0,1767418,,,,,,,,,,,,,,,,,,
357.0,2.57,16.07,8.6,3.6,1.79,71.0,,7.14,0.0,607.0,214.0,0.0,3.57,10.71,1767419,,,,,,,,,,,,,,,,,,
,,0.0,,,,,,0.0,,200.0,100.0,0.0,20.0,20.0,1767420,,,,,,,,,,,,,,,,,,
0.0,0.0,30.0,4.0,0.0,1.67,0.0,,0.0,33.0,367.0,300.0,0.0,0.0,6.67,1767422,,,,,,,,,,,,,,,,,,
0.0,0.51,2.11,1.7,0.0,0.0,0.0,,16.9,56.0,352.0,99.0,0.0,0.0,0.0,1767435,,,,,,,,,,,,,,,,,,
746.0,2.69,7.46,26.9,7.5,0.0,0.0,,22.39,0.0,6045.0,336.0,0.0,29.85,44.78,1767442,,,,,,,,,,,,,,,,,,
1224.0,0.29,0.41,2.4,0.4,0.0,8.0,,2.86,4.0,245.0,41.0,0.0,1.22,6.53,1767443,,,,,,,,,,,,,,,,,,
0.0,1.2,8.33,0.0,3.3,0.0,67.0,,10.0,0.0,417.0,300.0,0.0,20.0,53.33,1767779,,,,,,,,,,,,,,,,,,
0.0,0.0,13.33,0.0,0.0,1.33,0.0,,6.67,0.0,400.0,440.0,0.0,0.0,73.33,1767783,3.33,6.67,,,,,,,,,,,,,,,,
0.0,3.6,53.33,0.0,10.0,3.33,200.0,,20.0,0.0,533.0,600.0,0.0,3.33,20.0,1767787,11.67,33.33,,,,,,,,,,,,,,,,
0.0,1.93,0.89,2.1,5.4,0.0,36.0,,10.71,0.0,464.0,268.0,0.0,0.0,51.79,1767790,,,,,,,,,,,,,,,,,,
3977.0,1.64,1.14,0.0,4.5,0.0,45.0,,4.55,0.0,0.0,364.0,0.0,54.55,81.82,1767815,,,,,,,,,,,,,,,,,,
1250.0,0.9,0.0,0.0,7.5,0.0,50.0,,2.5,0.0,25.0,275.0,0.0,35.0,67.5,1767817,,,825.0,,,,,,,,,,,,,,,
4375.0,2.7,0.0,3.0,10.0,0.0,50.0,,2.5,0.0,0.0,250.0,0.0,45.0,60.0,1767831,,,1175.0,,,,,,,,,,,,,,,
0.0,6.0,20.0,4.0,10.0,1.67,67.0,,6.67,0.0,600.0,467.0,0.0,6.67,70.0,1767837,5.0,11.67,,,,,,,,,,,,,,,,
0.0,1.2,30.0,12.0,6.7,26.67,0.0,,3.33,0.0,0.0,533.0,0.0,10.0,63.33,1767856,,,,,,,,,,,,,,,,,,
0.0,0.9,0.0,0.0,17.5,0.0,50.0,,2.5,0.0,0.0,350.0,0.0,65.0,82.5,1767868,,,,,,,,,,,,,,,,,,
0.0,0.0,18.75,0.0,3.1,7.81,0.0,,6.25,0.0,344.0,469.0,0.0,31.25,75.0,1768130,,,,,,,,,,,,,,,,,,
0.0,3.86,8.93,0.0,3.6,5.36,0.0,,3.57,0.0,250.0,429.0,0.0,57.14,78.57,1768335,,,,,,,,,,,,,,,,,,
0.0,2.4,8.33,0.0,3.3,0.0,133.0,,10.0,0.0,383.0,433.0,0.0,0.0,80.0,1768369,,,,,,,,,,,,,,,,,,
0.0,0.84,2.33,0.0,4.7,0.0,93.0,,6.98,0.0,744.0,326.0,0.0,18.6,74.42,1768396,,,,,,,,,,,,,,,,,,
0.0,12.0,46.67,0.0,6.7,5.0,67.0,,33.33,0.0,0.0,600.0,0.0,3.33,6.67,1768446,33.33,5.0,1000.0,,,1.0,,,0.533,,0.34,,,10.0,600.0,1500.0,7.0,
164.0,1.18,6.56,0.0,3.3,4.1,164.0,,14.75,16.0,934.0,377.0,0.0,8.2,63.93,1768451,,,,,,,,,,,,,,,,,,
213.0,2.3,0.0,0.0,2.1,0.0,0.0,,6.38,0.0,511.0,362.0,0.0,31.91,80.85,1768483,,,,,,,,,,,,,,,,,,
1471.0,2.12,15.29,0.0,1.8,8.82,265.0,,11.76,118.0,429.0,271.0,0.29,3.53,22.35,1770047,,,,,,,,,,,,,,,,,,
0.0,0.0,0.0,30.0,0.0,0.0,146.0,,0.83,0.0,6.0,46.0,0.0,10.0,11.25,1770070,,,188.0,,,,,,,,,,,,,,,
0.0,0.15,0.0,0.0,0.0,0.0,8.0,,0.0,0.0,6.0,42.0,0.0,7.92,10.0,1770972,,,75.0,,,,,,,,,,,,,,,
1333.0,0.0,40.0,0.0,0.0,20.0,0.0,,0.0,133.0,33.0,333.0,0.0,0.0,0.0,1770986,,,,,,,,,,,,,,,,,,
,,0.0,,,,,,0.0,,0.0,0.0,,,0.0,1788072,,,,,,,,,,,,,,,,,,
,,0.0,,,,8.0,,0.0,,0.0,10.0,,2.08,2.5,1788302,,,10.0,,,,,,,,,,,,,,0.0,
208.0,0.3,1.25,0.0,0.4,0.0,188.0,42.0,0.42,0.0,75.0,17.0,0.0,0.42,0.83,1788591,0.21,0.83,79.0,,,,,,,,,,,,,,,
,,93.33,,,6.67,,,0.0,,0.0,800.0,0.0,,0.0,1788634,26.67,53.33,,,,,,,,,,,,,,,,
0.0,4.8,6.67,0.0,0.0,0.0,0.0,,13.33,0.0,267.0,400.0,0.0,0.0,80.0,1788763,,,,,,,,,,,,,,,,,,
0.0,0.45,0.0,0.0,0.0,0.0,17.0,,0.83,0.0,27.0,54.0,0.0,12.08,12.92,1788952,,,167.0,,,,,,,,,,,,,,,
,,0.0,,,,,,0.0,,15.0,0.0,,,0.0,1789244,,,,,,,,,,,,,,,,,,
,,0.0,,,,,,0.0,,0.0,33.0,,,6.67,1789245,,,,,,,,,,,,,,,,,,
208.0,0.15,2.08,0.0,0.0,2.08,125.0,42.0,0.0,0.0,62.0,25.0,0.0,0.42,0.42,1789246,,,,,,,0.62,,,,,,,,,,,
0.0,0.45,0.0,0.0,0.4,0.0,17.0,,0.0,0.0,6.0,62.0,0.0,10.83,15.0,1789247,,,,,,,,,,,,,,,,,,
,,0.0,,,,,,0.0,,15.0,0.0,,,0.0,1789248,,,,,,,,,,,,,,,,,,
,,0.0,,,,,,0.0,,15.0,0.0,,,0.0,1789249,,,,,,,,,,,,,,,,,,
208.0,0.3,1.25,0.0,0.4,0.0,188.0,42.0,0.42,0.0,75.0,17.0,0.0,0.42,0.83,1789251,0.21,0.83,79.0,,,,,,,,,,,,,,,
,,0.0,7.5,,,,,0.0,,4.0,0.0,,0.0,0.0,1789252,,,,,,,,,,,,,,,,,,
,,93.33,,,13.33,,,0.0,,0.0,800.0,,,0.0,1789254,10.0,66.67,,,,,,,,,,,,,,,,
0.0,0.0,0.0,0.5,0.0,0.0,8.0,,0.0,0.0,38.0,15.0,0.0,3.33,4.17,1789256,,,188.0,,,,,,,,,,,,10.0,8.0,,
1875.0,0.15,0.0,3.8,0.0,0.0,8.0,,0.42,0.0,12.0,46.0,0.0,10.42,11.67,1789257,,,,,,,,,,,,,,,,,,
0.0,0.15,0.0,1.0,,,8.0,,0.42,,0.0,50.0,,10.42,12.5,1789258,,,83.0,,,,,,,,,,,,,,,
,,0.0,,,,,,0.0,,38333.0,0.0,,0.0,0.0,1789260,,,,,,,,,,,,,,,,,,
208.0,0.3,1.25,0.0,0.4,0.0,188.0,42.0,0.42,0.0,75.0,17.0,0.0,0.42,0.83,1789264,0.21,0.83,79.0,,,,,,,,,,,,,,,
,,0.0,24.0,,,,,0.0,,700.0,0.0,,,0.0,1789437,,,,,,,,,,,,,,,,,,
,,0.0,,,,,,0.0,,3067.0,100.0,,6.67,13.33,1789438,,,,,,,,,,,,,,,,,,
0.0,0.6,0.42,0.0,1.7,0.0,17.0,,1.67,0.0,217.0,29.0,0.0,1.25,5.0,1789447,,,108.0,,,,,,,,,,,,,,,
294.0,0.0,0.0,388.2,11.8,0.0,0.0,,2.94,0.0,29.0,382.0,0.0,64.71,94.12,1796733,,,,,,,,,,,,,,,,,,
0.0,1.29,25.0,0.0,3.6,1.79,0.0,,3.57,0.0,1071.0,500.0,0.0,0.0,64.29,1799167,3.57,17.86,,,,,,,,,,,,,,,,
,,0.0,,,,,,0.0,,0.0,0.0,,,0.0,1800323,,,,,,,,,,,,,,,,,,
,,0.0,,3.6,,,,0.0,,1214.0,18.0,,,3.57,1804860,,,,,,,,,,,,,,,,,,
0.0,0.49,0.68,0.0,2.7,0.0,0.0,,2.7,0.0,0.0,162.0,0.0,0.0,37.84,1804861,,,,,,,,,,,,,,,,,,
0.0,2.41,15.18,0.0,0.0,5.36,18.0,,18.75,67.0,67.0,214.0,0.89,0.0,0.0,1822088,,,,,,,,,,,,,,,,,,
,,0.0,,,,,,0.0,,0.0,0.0,,,0.0,1907553,,,,,,,,,,,,,,,,,,
,,0.0,,,,8.0,,0.0,,0.0,10.0,,2.08,2.5,1908086,,,10.0,,,,,,,,,,,,,,0.0,
208.0,0.3,1.25,0.0,0.4,0.0,188.0,42.0,0.42,0.0,75.0,17.0,0.0,0.42,0.83,1908710,0.21,0.83,79.0,,,,,,,,,,,,,,,
,,93.33,,,6.67,,,0.0,,0.0,800.0,0.0,,0.0,1908788,26.67,53.33,,,,,,,,,,,,,,,,
0.0,4.8,6.67,0.0,0.0,0.0,0.0,,13.33,0.0,267.0,400.0,0.0,0.0,80.0,1909076,,,,,,,,,,,,,,,,,,
0.0,0.45,0.0,0.0,0.0,0.0,17.0,,0.83,0.0,27.0,54.0,0.0,12.08,12.92,1909450,,,167.0,,,,,,,,,,,,,,,
0.0,0.0,0.0,1.5,,,8.0,,0.42,,6.0,54.0,,10.83,12.92,1910146,,,133.0,,,,,,,,,,,,,,,
,,0.0,,,,,,0.0,,15.0,0.0,,,0.0,1910148,,,,,,,,,,,,,,,,,,
,,0.0,,,,,,0.0,,0.0,33.0,,,6.67,1910149,,,,,,,,,,,,,,,,,,
208.0,0.15,2.08,0.0,0.0,2.08,125.0,42.0,0.0,0.0,62.0,25.0,0.0,0.42,0.42,1910150,,,,,,,0.62,,,,,,,,,,,
208.0,0.15,1.04,0.0,0.0,0.0,125.0,42.0,0.42,0.0,44.0,54.0,0.0,5.0,10.83,1910152,0.21,0.62,,,,,0.62,,,,,,,,,62.0,,
0.0,0.45,0.0,0.0,0.4,0.0,17.0,,0.0,0.0,6.0,62.0,0.0,10.83,15.0,1910153,,,,,,,,,,,,,,,,,,
,,0.0,,,,,,0.0,,15.0,0.0,,,0.0,1910154,,,,,,,,,,,,,,,,,,
,,0.0,,,,,,0.0,,15.0,0.0,,,0.0,1910155,,,,,,,,,,,,,,,,,,
208.0,0.3,1.25,0.0,0.4,0.0,188.0,42.0,0.42,0.0,75.0,17.0,0.0,0.42,0.83,1910157,0.21,0.83,79.0,,,,,,,,,,,,,,,
208.0,0.3,1.04,0.0,0.0,0.0,125.0,42.0,0.42,0.0,42.0,50.0,0.0,4.17,9.58,1910158,0.21,0.62,8.0,,,,0.62,,,,,,,,,62.0,,
,,0.0,7.5,,,,,0.0,,4.0,0.0,,0.0,0.0,1910159,,,,,,,,,,,,,,,,,,
,,93.33,,,13.33,,,0.0,,0.0,800.0,0.0,,0.0,1910162,10.0,66.67,,,,,,,,,,,,,,,,
0.0,0.0,0.0,0.5,0.0,0.0,8.0,,0.0,0.0,38.0,15.0,0.0,3.33,4.17,1910164,,,188.0,,,,,,,,,,,,10.0,8.0,,
1875.0,0.15,0.0,3.8,0.0,0.0,8.0,,0.42,0.0,12.0,46.0,0.0,10.42,11.67,1910165,,,,,,,,,,,,,,,,,,
0.0,0.15,0.0,1.0,,,8.0,,0.42,,0.0,50.0,,10.42,12.5,1910166,,,83.0,,,,,,,,,,,,,,,
,,0.0,,,,,,0.0,,38333.0,0.0,,0.0,0.0,1910168,,,,,,,,,,,,,,,,,,
208.0,0.3,1.25,0.0,0.4,0.0,188.0,42.0,0.42,0.0,75.0,17.0,0.0,0.42,0.83,1910171,0.21,0.83,79.0,,,,,,,,,,,,,,,
,,0.0,24.0,,,,,0.0,,700.0,0.0,,,0.0,1910596,,,,,,,,,,,,,,,,,,
,,0.0,,,,,,0.0,,3067.0,100.0,,6.67,13.33,1910599,,,,,,,,,,,,,,,,,,
0.0,0.6,0.42,0.0,1.7,0.0,17.0,,1.67,0.0,217.0,29.0,0.0,1.25,5.0,1910609,,,108.0,,,,,,,,,,,,,,,
83.0,0.3,0.83,3.8,0.8,0.0,8.0,,1.25,0.0,246.0,46.0,0.0,4.58,9.58,1910623,,,,,,,,,,,,,,,,,,
294.0,0.0,0.0,388.2,11.8,0.0,0.0,,2.94,0.0,29.0,382.0,0.0,64.71,94.12,1923004,,,,,,,,,,,,,,,,,,
0.0,1.29,25.0,0.0,3.6,1.79,0.0,,3.57,0.0,1071.0,500.0,0.0,0.0,64.29,1926903,3.57,17.86,,,,,,,,,,,,,,,,
,,0.0,,,,,,0.0,,0.0,0.0,,,0.0,1928953,,,,,,,,,,,,,,,,,,
,,0.0,,3.6,,,,0.0,,1214.0,18.0,,,3.57,1937196,,,,,,,,,,,,,,,,,,
0.0,0.49,0.68,0.0,2.7,0.0,0.0,,2.7,0.0,0.0,162.0,0.0,0.0,37.84,1937198,,,,,,,,,,,,,,,,,,
0.0,2.41,15.18,0.0,0.0,5.36,18.0,,18.75,67.0,67.0,214.0,0.89,0.0,0.0,1965419,,,,,,,,,,,,,,,,,,
0.0,0.0,0.0,225.0,6.2,0.0,0.0,,0.0,0.0,0.0,125.0,0.0,25.0,31.25,2008030,,,,,,,,,,,,,,,,,,
0.0,2.62,3.64,8.7,7.3,0.0,36.0,,7.27,0.0,200.0,382.0,0.0,18.18,83.64,2008206,,,,,,,,,,,,,,,,,,
12500.0,18.0,8.33,80.0,16.7,0.0,333.0,,0.0,0.0,8667.0,250.0,0.0,16.67,50.0,2008331,,,,,,,,,,,,,,,,,,
0.0,3.6,50.0,0.0,13.3,3.33,267.0,,23.33,0.0,383.0,567.0,0.0,3.33,16.67,2008604,,,,,,,,,,,,,,,,,,
,,0.0,,0.0,,,,0.0,,0.0,0.0,,0.0,0.0,2009166,,,,,,,,,,,,,,,,,,
0.0,2.4,13.33,4.0,6.7,1.67,67.0,,10.0,0.0,267.0,233.0,0.0,3.33,20.0,2009609,,,,,,,,,,,,,,,,,,
395.0,8.29,1.97,1.6,1.3,0.0,53.0,,26.32,0.0,434.0,145.0,0.0,1.32,3.95,2009778,,,,,,,,,,,,,,,,,,
357.0,1.29,28.57,0.0,10.7,1.79,0.0,,7.14,0.0,429.0,500.0,0.0,0.0,53.57,2009816,3.57,17.86,,,,,,,,,,,,,,,,
0.0,5.54,38.46,0.0,15.4,23.08,0.0,,7.69,0.0,77.0,615.0,0.0,30.77,53.85,2009953,,,,,,,,,,,,,,,,,,
,,0.0,,,,,,0.0,,11667.0,0.0,,0.0,0.0,2015381,,,,,,,,,,,,,,,,,,
0.0,1.29,1.79,0.0,0.0,0.0,0.0,,21.43,62.0,732.0,125.0,0.0,1.79,3.57,2017426,,,,,,,,,,,,,,,,,,
3521.0,1.01,11.27,5.1,4.2,0.7,0.0,,2.82,0.0,549.0,197.0,0.0,1.41,23.94,2017427,,,,,,,,,,,,,,,,,,
0.0,0.64,0.89,0.0,0.0,0.0,0.0,,19.64,45.0,821.0,107.0,0.0,1.79,1.79,2017428,,,,,,,,,,,,,,,,,,
1724.0,0.0,0.0,20.7,0.0,0.0,0.0,138.0,6.9,0.0,431.0,379.0,0.0,31.03,82.76,2017429,,,,,,1.0,5.17,,1.724,345.0,1.466,17.241,,,,,,
0.0,0.64,0.89,0.0,0.0,0.0,0.0,,19.64,45.0,821.0,107.0,0.0,1.79,1.79,2017430,,,,,,,,,,,,,,,,,,
0.0,1.2,30.0,0.0,0.0,15.0,133.0,,3.33,0.0,400.0,300.0,0.0,0.0,3.33,2019053,,,,,,,,,,,,,,,,,,
0.0,1.67,18.6,0.0,2.3,16.28,47.0,,4.65,0.0,23.0,302.0,0.0,27.91,32.56,2020685,,,,,,,,,,,,,,,,,,
0.0,3.6,40.0,0.0,10.0,12.5,100.0,,10.0,0.0,238.0,525.0,0.0,30.0,45.0,2020904,,,,,,,,,,,,,,,,,,
0.0,0.57,7.94,0.0,0.0,1.59,159.0,,19.05,63.0,365.0,143.0,0.0,0.0,0.0,2023725,,,,,,,,,,,,,,,,,,
169.0,0.31,3.81,0.0,0.8,2.54,17.0,,1.69,13.0,508.0,68.0,0.0,0.85,7.63,2023824,,,,,,,,,,,,,,,,,,
0.0,4.5,7.5,0.0,10.0,0.0,0.0,,12.5,0.0,0.0,375.0,0.0,2.5,67.5,2024163,2.5,2.5,,5.0,5.0,,,,,,,,,,,,,
,,0.0,,,,,,0.0,,38000.0,0.0,,0.0,0.0,2024271,,,,,,,,,,,,,,,,,,
0.0,0.0,0.0,0.0,0.0,0.0,0.0,,0.0,0.0,0.0,286.0,0.0,76.19,80.95,2024272,,,,,,,,,,,,,,,,,,
0.0,1.2,1.67,0.0,3.3,0.0,67.0,,13.33,0.0,500.0,400.0,0.0,3.33,80.0,2024421,,,,,,,,,,,,,,,,,,
0.0,1.44,0.0,4.8,6.4,0.0,32.0,,5.6,0.0,344.0,88.0,0.0,1.6,16.0,2024424,,,,,,,,,,,,,,,,,,
,,0.0,,,0.0,,,0.0,,0.0,0.0,,,0.0,2025071,,,,,,,,,,,,,,,,,,
556.0,0.0,19.44,0.0,0.0,11.11,111.0,,5.56,56.0,250.0,389.0,0.0,38.89,50.0,2025072,,,,,,,,,,,,,,,,,,
,,10.0,,,,,,0.0,,1600.0,100.0,,0.0,0.0,2028123,,,,,,,,,,,,,,,,,,
,,0.0,,,,,,0.0,,800.0,100.0,,20.0,26.67,2028126,,,,,,,,,,,,,,,,,,
,,0.0,,,,,,0.0,,1200.0,100.0,,,20.0,2028137,,,,,,,,,,,,,,,,,,
,,0.0,,,,,,0.0,,0.0,0.0,,0.0,0.0,2028139,,,,,,,,,,,,,,,,,,
,,0.0,,,,,,0.0,,0.0,0.0,,,0.0,2028152,,,,,,,,,,,,,,,,,,
0.0,0.8,0.0,0.0,6.7,0.0,0.0,,13.33,0.0,11.0,333.0,0.0,4.44,62.22,2030965,,,,,,,,,,,,,,,,,,
0.0,0.0,17.86,0.0,0.0,0.0,0.0,,0.0,0.0,786.0,179.0,0.0,0.0,7.14,2030968,0.0,10.71,,,,,,,,,,,,,,,,
0.0,0.36,0.0,6.0,2.0,0.0,40.0,,3.0,0.0,240.0,35.0,0.0,2.0,6.0,2030974,,,,,,,,,,,,,,,,,,
357.0,1.29,0.0,0.0,7.1,0.0,0.0,,7.14,0.0,571.0,107.0,0.0,0.0,21.43,2030980,,,,,,,,,,,,,,,,,,
556.0,0.0,0.0,20.0,1.4,0.0,0.0,,0.0,0.0,194.0,139.0,0.0,33.33,38.89,2030986,,,,,,,,,,,,,,,,,,
0.0,4.29,0.0,2.9,2.4,0.0,48.0,,7.14,0.0,667.0,357.0,0.0,2.38,78.57,2030990,,,,,,,,,,,,,,,,,,
667.0,0.0,0.0,16.0,0.0,0.0,0.0,,0.0,0.0,600.0,17.0,0.0,3.33,6.67,2030999,,,,,,,,,,,,,,,,,,
23214.0,6.43,32.14,21.4,10.7,3.57,536.0,,21.43,0.0,786.0,536.0,0.0,14.29,39.29,2031001,,,,,,,,,,,,,,,,,,
0.0,0.0,13.33,0.0,6.7,3.33,0.0,,6.67,0.0,633.0,167.0,0.0,6.67,6.67,2031007,,,,,,,,,,,,,,,,,,
600.0,0.86,4.0,3.8,0.8,1.2,48.0,,1.6,4.0,360.0,72.0,0.0,7.2,8.8,2031012,,,,,,,,,,,,,,,,,,
,,0.0,,,,,,0.0,,1000.0,0.0,,,0.0,2031014,,,,,,,,,,,,,,,,,,
312.0,0.0,0.0,7.5,3.1,0.0,0.0,,0.0,0.0,62.0,31.0,0.0,6.25,9.38,2031020,,,,,,,,,,,,,,,,,,
0.0,0.59,5.74,0.0,0.0,1.64,33.0,,19.67,49.0,410.0,131.0,,0.0,0.0,2031071,,,,,,,,,,,,,,,,,,
0.0,1.1,0.41,19.6,2.4,0.0,16.0,,3.67,0.0,269.0,65.0,0.0,1.22,11.84,2031077,,,,,,,,,,,,,,,,,,
0.0,2.7,0.0,0.0,5.0,0.0,50.0,,2.5,0.0,25.0,325.0,0.0,72.5,77.5,2032298,,,,,,,,,,,,,,,,,,
0.0,1.93,5.36,4.3,7.1,0.0,36.0,,8.93,0.0,429.0,250.0,0.0,0.0,42.86,2032305,,,,,,,,,,,,,,,,,,
0.0,3.6,50.0,0.0,10.0,3.33,200.0,,20.0,0.0,500.0,567.0,0.0,3.33,20.0,2032308,11.67,33.33,,,,,,,,,,,,,,,,
0.0,3.86,12.5,17.1,10.7,0.0,71.0,,14.29,0.0,607.0,429.0,0.0,3.57,67.86,2032352,,,,,,,,,,,,,,,,,,
0.0,0.9,0.0,0.0,12.5,0.0,0.0,,2.5,0.0,0.0,325.0,0.0,57.5,80.0,2032355,,,,,,,,,,,,,,,,,,
0.0,0.0,2.5,6.0,5.0,0.0,0.0,,0.0,0.0,0.0,325.0,0.0,70.0,80.0,2032359,,,,,,,,,,,,,,,,,,
0.0,2.57,5.36,4.3,1.8,0.0,36.0,,7.14,0.0,429.0,268.0,0.0,0.0,46.43,2032366,,,,,,,,,,,,,,,,,,
0.0,1.8,3.75,0.0,5.0,1.25,0.0,,0.0,0.0,50.0,300.0,0.0,40.0,67.5,2032375,,,,,,,,,,,,,,,,,,
0.0,1.8,25.0,0.0,12.5,22.5,0.0,,2.5,0.0,38.0,500.0,0.0,45.0,62.5,2032456,,,,,,,,,,,,,,,,,,
571.0,0.0,0.0,0.0,2.9,0.0,114.0,,2.86,0.0,114.0,343.0,0.0,65.71,85.71,2032514,,,,,,,,,,,,,,,,,,
0.0,4.8,6.67,0.0,6.7,0.0,0.0,,6.67,0.0,567.0,400.0,0.0,0.0,80.0,2032547,,,,,,,,,,,,,,,,,,
0.0,0.0,10.42,0.0,4.2,4.17,0.0,,4.17,0.0,146.0,417.0,0.0,29.17,75.0,2033665,,,,,,,,,,,,,,,,,,
0.0,3.86,14.29,0.0,0.0,7.14,71.0,,3.57,36.0,375.0,464.0,0.0,39.29,82.14,2033676,,,,,,,,,,,,,,,,,,
0.0,2.3,0.0,2.6,2.1,0.0,43.0,,6.38,0.0,532.0,362.0,0.0,48.94,82.98,2033957,,,,,,,,,,,,,,,,,,
0.0,3.2,15.56,0.0,2.2,6.67,222.0,,8.89,0.0,600.0,422.0,0.0,22.22,62.22,2033969,,,,,,,,,,,,,,,,,,
0.0,2.4,2.22,0.0,4.4,0.0,44.0,,13.33,0.0,0.0,378.0,0.0,4.44,75.56,2033974,,,,,,,,,,,,,,,,,,
0.0,2.4,40.0,0.0,26.7,3.33,133.0,,13.33,0.0,0.0,600.0,0.0,13.33,40.0,2034028,30.0,6.67,,,,,,,,,,,,,,,,
0.0,4.8,16.67,0.0,13.3,1.67,200.0,,13.33,0.0,0.0,433.0,0.0,0.0,56.67,2034091,13.33,1.67,283.0,10.0,3.0,0.0,,,0.267,,,5.333,0.533,2.0,267.0,500.0,0.0,
,,0.0,,,,,,0.0,,0.0,375.0,,100.0,100.0,2034162,,,,,,,,,,,,,,,,,,
0.0,2.7,3.75,0.0,6.2,0.0,0.0,,10.0,0.0,225.0,375.0,0.0,32.5,75.0,2034189,1.25,1.25,,,2.0,,,,,,,,,,,,,
,,93.33,,,80.0,,,0.0,0.0,0.0,800.0,0.0,,0.0,2039889,3.33,6.67,,,,,,,,,,,,,,,,
0.0,2.7,50.0,0.0,12.5,25.0,150.0,,10.0,0.0,0.0,625.0,0.0,15.0,32.5,2071379,,,,,,,,,,,,,,,,,,
0.0,2.77,23.08,0.0,3.8,9.62,0.0,,3.85,0.0,250.0,500.0,0.0,42.31,69.23,2082103,,,,,,,,,,,,,,,,,,
0.0,0.56,12.5,7.5,3.1,3.12,0.0,,1.56,0.0,391.0,203.0,0.0,0.0,21.88,2082143,,,,,,,,,,,,,,,,,,
208.0,0.0,1.88,0.0,0.4,1.67,42.0,50.0,0.0,0.0,0.0,19.0,0.0,0.0,0.83,2082303,,,17.0,,,,1.25,2.0,,10.0,,,,0.25,17.0,,,
,,93.33,,,80.0,,,0.0,0.0,0.0,800.0,0.0,,0.0,2082304,3.33,6.67,,,,,,,,,,,,,,,,
0.0,0.0,0.0,0.0,,,0.0,,0.0,,0.0,0.0,,0.0,0.0,2084926,,,,,,,,,,,,,,,,,,
,,0.0,,,,,,0.0,,0.0,0.0,,,0.0,2084928,,,,,,,,,,,,,,,,,,
,,93.33,,,13.33,,,0.0,,0.0,867.0,0.0,,0.0,2084929,6.67,73.33,,,,,,,,,,,,,,,,
208.0,0.15,1.04,0.0,0.0,0.0,125.0,42.0,0.42,0.0,44.0,54.0,0.0,5.0,10.83,2084931,0.21,0.62,,,,,0.62,,,,,,,,,62.0,,
42.0,0.15,0.0,3.8,,,8.0,,0.42,,6.0,54.0,,12.5,12.5,2084932,,,75.0,,,,,,,,,,,,,,,
,,0.0,30.0,,,10.0,,0.0,,2.0,25.0,,5.5,6.0,2084939,,,,,,,,,,,,,,,,,,
0.0,0.9,20.0,0.0,0.0,18.75,0.0,,2.5,0.0,31.0,212.0,0.0,2.5,5.0,2085567,,,,,,,,,,,,,,,,,,
312.0,0.15,1.46,2.0,0.4,0.83,8.0,,0.83,6.0,58.0,38.0,0.0,3.33,6.25,2085575,,,300.0,,,,,,,,,,,,,,,
2500.0,0.3,0.42,0.0,0.4,0.0,8.0,,0.83,0.0,171.0,54.0,0.0,2.92,11.67,2085580,,,,,,,,,,,,,,,,,,
0.0,0.0,10.0,0.0,0.0,0.0,0.0,,0.0,0.0,0.0,100.0,0.0,6.67,6.67,2085966,,,,,,,,,,,,,,,,,,
333.0,0.0,10.0,0.0,0.0,6.67,133.0,,3.33,50.0,50.0,133.0,0.0,3.33,6.67,2085968,,,,,,,,,,,,,,,,,,
,,0.0,,,,,,0.0,,17.0,75.0,,20.0,20.0,2086003,,,,,,,,,,,,,,,,,,
,,0.0,2.5,,,,,0.0,,15.0,17.0,,4.17,4.17,2086310,,,19.0,,,,,,,,,,,,,,,
0.0,3.6,13.33,0.0,6.7,0.0,0.0,,10.0,0.0,500.0,433.0,0.0,13.33,66.67,2107656,1.67,10.0,,,,,,,,,,,,,,,,
0.0,0.0,23.33,0.0,0.0,0.0,0.0,,0.0,0.0,700.0,233.0,0.0,0.0,6.67,2107657,6.67,13.33,,,,,,,,,,,,,,,,
,,10.71,8.6,,,,,0.0,,1643.0,107.0,,,0.0,2116495,,,,,,,,,,,,,,,,,,
,,0.0,,,,,,0.0,,432.0,34.0,,0.85,8.47,2118042,,,,,,,,,,,,,,,,,,
,,0.0,,,,,,0.0,,3.0,39.0,,9.86,10.14,2132344,,,,,,,,,,,,,,,,,,
0.0,0.16,0.0,0.5,0.0,0.0,88.0,,7.93,4.0,31.0,84.0,0.0,11.01,13.66,2185668,,,115.0,,,,,,,,,,,,,,,
154.0,0.28,5.38,0.0,2.3,1.54,115.0,,4.62,8.0,54.0,123.0,0.0,13.08,15.38,2185669,,,,,,,,,,,,,,,,,,
,,0.0,,,,67.0,,8.0,3.0,27.0,80.0,,10.0,11.33,2185670,,,100.0,,,,,,,,,,,,,,,
59.0,0.42,1.47,3.5,0.0,0.88,147.0,,3.53,9.0,47.0,88.0,0.0,11.76,14.71,2185671,,,153.0,,,,,,,,,,,,,,,
59.0,0.21,1.47,0.0,0.0,0.88,147.0,,3.53,9.0,50.0,82.0,0.0,11.76,14.12,2185672,,,147.0,,,,,,,,,,,,,,,
,,0.0,,,,,,0.0,,17.0,75.0,,20.0,20.0,2288298,,,,,,,,,,,,,,,,,,
,,10.42,,,5.21,,,10.42,52.0,3750.0,208.0,,10.42,31.25,2288456,,,,,,,,,,,,,,,,,,
0.0,0.0,13.33,0.0,0.0,6.67,0.0,,6.67,33.0,500.0,300.0,0.0,33.33,33.33,2288465,,,,,,,,,,,,,,,,,,
0.0,1.2,0.0,16.0,0.0,0.0,0.0,,0.0,0.0,300.0,50.0,0.0,13.33,13.33,2288466,,,,,,,,,,,,,,,,,,
0.0,0.0,0.56,0.0,1.1,0.0,0.0,,0.0,0.0,191.0,45.0,0.0,7.87,8.99,2288468,,,,,,,,,,,,,,,,,,
0.0,5.14,16.07,0.0,17.9,0.0,214.0,0.0,17.86,0.0,375.0,464.0,0.0,3.57,57.14,2288470,,,1036.0,,,0.0,0.0,,0.286,,0.121,1.429,0.714,2.14,143.0,286.0,,
,,0.0,7.1,2.9,,,,0.0,,559.0,147.0,,35.29,35.29,2288670,,,,,,,,,,,,,,,,,,
,,93.33,,,13.33,,,0.0,,0.0,800.0,,,0.0,2288671,10.0,66.67,,,,,,,,,,,,,,,,
,,0.0,7.5,,,,,0.0,,4.0,0.0,,0.0,0.0,2288672,,,,,,,,,,,,,,,,,,
0.0,3.38,50.0,0.0,12.5,3.12,250.0,,21.88,0.0,0.0,594.0,0.0,3.12,21.88,2289589,12.5,31.25,,,,,,,,,,,,,,,,
,,,,,,,,0.0,,,,0.0,0.0,,2290803,,,,,,,,,,,,,,,,,,
0.0,0.0,0.0,0.0,0.0,0.0,0.0,,0.0,0.0,0.0,333.0,0.0,80.95,85.71,2440021,,,,,,,,,,,,,,,,,,
,,0.0,,,,,,0.0,,0.0,467.0,,100.0,120.0,2440022,,,,,,,,,,,,,,,,,,
,,93.33,,,13.33,,,0.0,,0.0,800.0,,,0.0,2440025,10.0,66.67,,,,,,,,,,,,,,,,
208.0,0.3,1.25,0.0,0.4,0.0,188.0,42.0,0.42,0.0,75.0,17.0,0.0,0.42,0.83,2440026,0.21,0.83,79.0,,,,,,,,,,,,,,,
0.0,0.0,0.0,0.0,0.0,0.0,0.0,,0.0,0.0,0.0,333.0,0.0,80.95,80.95,2455939,,,,,,,,,,,,,,,,,,
,,0.0,,,,,,0.0,,0.0,0.0,,,0.0,2455940,,,,,,,,,,,,,,,,,,
,,0.0,,,,,,0.0,,0.0,0.0,,,0.0,2541889,,,,,,,,,,,,,,,,,,
,1.64,1.14,0.0,4.5,0.0,45.0,,4.55,0.0,0.0,364.0,0.0,54.55,81.82,2614763,,,,,,,,,,,,,,,,,,716.0
,0.0,18.75,0.0,3.1,7.81,0.0,,6.25,0.0,344.0,469.0,0.0,31.25,75.0,2615864,,,,,,,,,,,,,,,,,,0.0
,0.84,2.33,0.0,4.7,0.0,93.0,,6.98,0.0,744.0,326.0,0.0,18.6,74.42,2616031,,,,,,,,,,,,,,,,,,0.0
,0.0,0.0,0.0,0.0,0.0,0.0,,0.0,0.0,0.0,333.0,0.0,80.95,80.95,2616041,,,,,,,,,,,,,,,,,,0.0
,6.0,20.0,4.0,10.0,1.67,67.0,,6.67,0.0,600.0,467.0,0.0,6.67,70.0,2617034,5.0,11.67,,,,,,,,,,,,,,,,0.0
,1.93,5.36,4.3,7.1,0.0,36.0,,8.93,0.0,429.0,250.0,0.0,0.0,42.86,2617045,,,,,,,,,,,,,,,,,,0.0
,3.86,12.5,17.1,10.7,0.0,71.0,,14.29,0.0,607.0,429.0,0.0,3.57,67.86,2617053,,,,,,,,,,,,,,,,,,0.0
,0.59,5.74,0.0,0.0,1.64,33.0,,19.67,49.0,410.0,131.0,,0.0,0.0,2631439,,,,,,,,,,,,,,,,,,0.0
,,0.0,2.5,,,,,0.0,,15.0,17.0,,4.17,4.17,2631779,,,19.0,,,,,,,,,,,,,,,
